Date,Cases,Deaths,Daily cases,Daily deaths,Active,Recoveries
2/15/2020,0,0,,,0,0
2/16/2020,0,0,0,0,0,0
2/17/2020,0,0,0,0,0,0
2/18/2020,0,0,0,0,0,0
2/19/2020,0,0,0,0,0,0
2/20/2020,0,0,0,0,0,0
2/21/2020,0,0,0,0,0,0
2/22/2020,0,0,0,0,0,0
2/23/2020,0,0,0,0,0,0
2/24/2020,0,0,0,0,0,0
2/25/2020,0,0,0,0,0,0
2/26/2020,0,0,0,0,0,0
2/27/2020,0,0,0,0,0,0
2/28/2020,0,0,0,0,0,0
2/29/2020,0,0,0,0,0,0
3/1/2020,0,0,0,0,0,0
3/2/2020,0,0,0,0,0,0
3/3/2020,0,0,0,0,0,0
3/4/2020,0,0,0,0,0,0
3/5/2020,1,0,1,0,1,0
3/6/2020,1,0,0,0,1,0
3/7/2020,1,0,0,0,1,0
3/8/2020,9,0,8,0,9,0
3/9/2020,9,0,0,0,9,0
3/10/2020,13,0,4,0,13,0
3/11/2020,22,0,9,0,22,0
3/12/2020,23,0,1,0,23,0
3/13/2020,23,0,0,0,23,0
3/14/2020,27,0,4,0,27,0
3/15/2020,35,0,8,0,35,0
3/16/2020,41,0,6,0,41,0
3/17/2020,50,0,9,0,50,0
3/18/2020,69,1,19,1,68,0
3/19/2020,87,1,18,0,86,0
3/20/2020,113,2,26,1,109,2
3/21/2020,117,2,4,0,113,2
3/22/2020,134,2,17,0,130,2
3/23/2020,158,2,24,0,154,2
3/24/2020,177,2,19,0,173,2
3/25/2020,201,2,24,0,197,2
3/26/2020,231,2,30,0,227,2
3/27/2020,263,2,32,0,258,3
3/28/2020,295,2,32,0,290,3
3/29/2020,314,2,19,0,309,3
3/30/2020,330,2,16,0,324,4
3/31/2020,347,2,17,0,341,4
4/1/2020,375,2,28,0,369,4
4/2/2020,396,2,21,0,388,6
4/3/2020,416,2,20,0,403,11
4/4/2020,435,2,19,0,420,13
4/5/2020,454,2,19,0,436,16
4/6/2020,467,2,13,0,447,18
4/7/2020,483,2,16,0,457,24
4/8/2020,502,3,19,1,470,29
4/9/2020,539,3,37,0,506,30
4/10/2020,558,3,19,0,513,42
4/11/2020,577,3,19,0,525,49
4/12/2020,595,3,18,0,536,56
4/13/2020,612,3,17,0,547,62
4/14/2020,618,3,6,0,549,66
4/15/2020,626,4,8,1,555,67
4/16/2020,642,4,16,0,564,74
4/17/2020,649,4,7,0,557,88
4/18/2020,655,4,6,0,554,97
4/19/2020,660,5,5,1,543,112
4/20/2020,662,6,2,1,532,124
4/21/2020,669,6,7,0,513,150
4/22/2020,681,6,12,0,495,180
4/23/2020,686,6,5,0,484,196
4/24/2020,687,6,1,0,465,216
4/25/2020,693,6,6,0,445,242
4/26/2020,695,6,2,0,425,264
4/27/2020,697,6,2,0,404,287
4/28/2020,705,6,8,0,393,306
4/29/2020,713,6,8,0,384,323
4/30/2020,719,6,6,0,375,338
5/1/2020,725,6,6,0,364,355
5/2/2020,733,6,8,0,355,372
5/3/2020,739,6,6,0,347,386
5/4/2020,742,6,3,0,337,399
5/5/2020,755,6,13,0,336,413
5/6/2020,761,6,6,0,327,428
5/7/2020,765,6,4,0,314,445
5/8/2020,773,6,8,0,306,461
5/9/2020,780,6,7,0,294,480
5/10/2020,792,6,12,0,285,501
5/11/2020,801,7,9,1,277,517
5/12/2020,804,7,3,0,277,520
5/13/2020,815,7,11,0,281,527
5/14/2020,830,8,15,1,287,535
5/15/2020,843,9,13,1,292,542
5/16/2020,853,10,10,1,292,551
5/17/2020,863,10,10,0,288,565
5/18/2020,866,10,3,0,281,575
5/19/2020,882,10,16,0,295,577
5/20/2020,897,10,15,0,305,582
5/21/2020,903,10,6,0,301,592
5/22/2020,911,10,8,0,301,600
5/23/2020,918,10,7,0,301,607
5/24/2020,930,10,12,0,300,620
5/25/2020,951,10,21,0,313,628
5/26/2020,956,10,5,0,312,634
5/27/2020,984,10,28,0,335,639
5/28/2020,1000,10,16,0,344,646
5/29/2020,1022,10,22,0,359,653
5/30/2020,1047,10,25,0,379,658
5/31/2020,1056,10,9,0,377,669
6/1/2020,1084,10,28,0,398,676
6/2/2020,1105,10,21,0,413,682
6/3/2020,1157,10,52,0,462,685
6/4/2020,1194,10,37,0,497,687
6/5/2020,1228,10,34,0,523,695
6/6/2020,1263,10,35,0,552,701
6/7/2020,1318,10,55,0,604,704
6/8/2020,1342,10,24,0,620,712
6/9/2020,1375,11,33,1,647,717
6/10/2020,1461,12,86,1,727,722
6/11/2020,1538,12,77,0,804,722
6/12/2020,1612,12,74,0,869,731
6/13/2020,1662,12,50,0,907,743
6/14/2020,1715,12,53,0,951,752
6/15/2020,1744,12,29,0,961,771
6/16/2020,1796,12,52,0,990,794
6/17/2020,1871,12,75,0,960,899
6/18/2020,1939,12,68,0,990,937
6/19/2020,2058,12,119,0,1064,982
6/20/2020,2127,12,69,0,1101,1014
6/21/2020,2213,12,86,0,1169,1032
6/22/2020,2277,12,64,0,1222,1043
6/23/2020,2368,12,91,0,1227,1129
6/24/2020,2515,12,147,0,1293,1210
6/25/2020,2684,12,169,0,1445,1227
6/26/2020,2836,12,152,0,1544,1280
6/27/2020,2979,13,143,1,1641,1325
6/28/2020,3130,15,151,2,1749,1366
6/29/2020,3269,15,139,0,1860,1394
6/30/2020,3459,16,190,1,2007,1436
7/1/2020,3753,17,294,1,2220,1516
7/2/2020,4023,18,270,1,2416,1589
7/3/2020,4311,18,288,0,2636,1657
7/4/2020,4621,18,310,0,2882,1721
7/5/2020,4996,19,375,1,3232,1745
7/6/2020,5241,23,245,4,3442,1776
7/7/2020,5486,23,245,0,3653,1810
7/8/2020,5836,24,350,1,3883,1929
7/9/2020,6485,25,649,1,4437,2023
7/10/2020,6845,26,360,1,4709,2110
7/11/2020,7231,28,386,2,4983,2220
7/12/2020,7596,30,365,2,5327,2239
7/13/2020,8036,31,440,1,5701,2304
7/14/2020,8482,36,446,5,6005,2441
7/15/2020,8986,40,504,4,6395,2551
7/16/2020,9546,42,560,2,6831,2673
7/17/2020,9969,47,423,5,7104,2818
7/18/2020,10551,54,582,7,7595,2902
7/19/2020,11114,62,563,8,8086,2966
7/20/2020,11534,66,420,4,8449,3019
7/21/2020,11811,68,277,2,8549,3194
7/22/2020,12361,71,550,3,8968,3322
7/23/2020,13129,80,768,9,9601,3448
7/24/2020,13669,87,540,7,10077,3505
7/25/2020,14600,98,931,11,10862,3640
7/26/2020,15229,104,629,6,11389,3736
7/27/2020,15841,115,612,11,11902,3824
7/28/2020,16344,125,503,10,12299,3920
7/29/2020,16800,133,456,8,12617,4050
7/30/2020,17290,140,490,7,12870,4280
7/31/2020,17820,150,530,10,13266,4404
8/1/2020,18187,154,367,4,13502,4531
8/2/2020,18975,162,788,8,14228,4585
8/3/2020,19402,171,427,9,14542,4689
8/4/2020,19837,181,435,10,13066,6590
8/5/2020,20417,191,580,10,13375,6851
8/6/2020,21070,200,653,9,13832,7038
8/7/2020,22081,218,1011,18,14597,7266
8/8/2020,22802,228,721,10,14985,7589
8/9/2020,23286,235,484,7,15321,7730
8/10/2020,23872,244,586,9,15805,7823
8/11/2020,24508,255,636,11,16282,7971
8/12/2020,25057,263,549,8,16605,8189
8/13/2020,26129,272,1072,9,17445,8412
8/14/2020,26931,281,802,9,17865,8785
8/15/2020,27737,291,806,10,18436,9010
8/16/2020,28465,294,728,3,19109,9062
8/17/2020,29084,304,619,10,19547,9233
8/18/2020,29643,314,559,10,19867,9462
8/19/2020,30409,321,766,7,20428,9660
8/20/2020,31075,333,666,12,20803,9939
8/21/2020,32134,340,1059,7,21635,10159
8/22/2020,33084,348,950,8,22364,10372
8/23/2020,33820,355,736,7,22947,10518
8/24/2020,34463,362,643,7,21343,12758
8/25/2020,35305,376,842,14,21857,13072
8/26/2020,36307,386,1002,10,22604,13317
8/27/2020,37292,397,985,11,22424,14471
8/28/2020,38485,407,1193,10,23414,14664
8/29/2020,39699,418,1214,11,23544,15737
8/30/2020,40546,429,847,11,24147,15970
8/31/2020,41287,436,741,7,24795,16056
9/1/2020,42184,443,897,7,25471,16270
9/2/2020,43305,453,1121,10,26340,16512
9/3/2020,44458,460,1153,7,26143,17855
9/4/2020,45680,469,1222,9,27158,18053
9/5/2020,46920,478,1240,9,28231,18211
9/6/2020,47947,491,1027,13,29011,18445
9/7/2020,48780,510,833,19,29187,19083
9/8/2020,49897,531,1117,21,30081,19285
9/9/2020,51224,543,1327,12,31137,19544
9/10/2020,52549,567,1325,24,31660,20322
9/11/2020,53969,583,1420,16,32676,20710
9/12/2020,55454,590,1485,7,33936,20928
9/13/2020,56424,606,970,16,34749,21069
9/14/2020,57361,621,937,15,35534,21206
9/15/2020,58137,633,776,12,35968,21536
9/16/2020,59516,649,1379,16,37115,21752
9/17/2020,60818,666,1302,17,37490,22662
9/18/2020,62374,686,1556,20,38528,23160
9/19/2020,63712,706,1338,20,39454,23552
9/20/2020,64899,727,1187,21,40330,23842
9/21/2020,65602,745,703,18,39730,25127
9/22/2020,66689,760,1087,15,40223,25706
9/23/2020,68059,781,1370,21,41142,26136
9/24/2020,69459,795,1400,14,42110,26554
9/25/2020,70816,812,1357,17,42981,27023
9/26/2020,72049,828,1233,16,43461,27760
9/27/2020,72779,842,730,14,43339,28598
9/28/2020,73714,861,935,19,43433,29420
9/29/2020,74604,880,890,19,43021,30703
9/30/2020,75760,904,1156,24,37015,37841
10/1/2020,76828,917,1068,13,36068,39843
10/2/2020,77829,930,1001,13,34278,42621
10/3/2020,79182,950,1353,20,33225,45007
10/4/2020,80407,971,1225,21,31887,47549
10/5/2020,81129,987,722,16,30439,49703
10/6/2020,82142,1004,1013,17,31118,50020
10/7/2020,83497,1024,1355,20,32178,50295
10/8/2020,84828,1040,1331,16,32006,51782
10/9/2020,86053,1055,1225,15,32671,52327
10/10/2020,87439,1076,1386,21,33694,52669
10/11/2020,88490,1089,1051,13,34732,52669
10/12/2020,89223,1108,733,19,34868,53247
10/13/2020,90238,1124,1015,16,35444,53670
10/14/2020,91780,1134,1542,10,36491,54155
10/15/2020,93152,1159,1372,25,34262,57731
10/16/2020,94348,1168,1196,9,34911,58269
10/17/2020,95514,1183,1166,15,35515,58816
10/18/2020,96443,1194,929,11,36051,59198
10/19/2020,97075,1204,632,10,36291,59580
10/20/2020,97922,1222,847,18,36591,60109
10/21/2020,99425,1236,1503,14,37451,60738
10/22/2020,100616,1251,1191,15,38203,61162
10/23/2020,101826,1265,1210,14,38899,61662
10/24/2020,103088,1282,1262,17,39769,62037
10/25/2020,103949,1298,861,16,40614,62037
10/26/2020,104460,1312,511,14,39439,63709
10/27/2020,105322,1329,862,17,39587,64406
10/28/2020,106553,1340,1231,11,40217,64996
10/29/2020,107570,1357,1017,17,40547,65666
10/30/2020,108866,1371,1296,14,41293,66202
10/31/2020,109971,1385,1105,14,41867,66719
11/1/2020,110717,1396,746,11,42384,66937
11/2/2020,111257,1404,540,8,41724,68129
11/3/2020,112120,1419,863,15,42097,68604
11/4/2020,113261,1431,1141,12,42687,69143
11/5/2020,114367,1444,1106,13,42921,70002
11/6/2020,115417,1453,1050,9,43543,70421
11/7/2020,116363,1464,946,11,43780,71119
11/8/2020,117099,1476,736,12,44422,71201
11/9/2020,117587,1491,488,15,43847,72249
11/10/2020,118566,1502,979,11,44123,72941
11/11/2020,119768,1513,1202,11,44746,73509
11/12/2020,120939,1527,1171,14,45157,74255
11/13/2020,122123,1537,1184,10,45718,74868
11/14/2020,123223,1546,1100,9,46336,75341
11/15/2020,123949,1555,726,9,46703,75691
11/16/2020,124592,1566,643,11,45862,77164
11/17/2020,125590,1578,998,12,46454,77558
11/18/2020,127012,1588,1422,10,47186,78238
11/19/2020,128231,1599,1219,11,47781,78851
11/20/2020,129418,1608,1187,9,48438,79372
11/21/2020,130722,1624,1304,16,48826,80272
11/22/2020,131677,1634,955,10,49694,80349
11/23/2020,132295,1641,618,7,49318,81336
11/24/2020,133190,1662,895,21,49555,81973
11/25/2020,134520,1674,1330,12,50235,82611
11/26/2020,135742,1679,1222,5,50790,83273
11/27/2020,137093,1690,1351,11,50412,84991
11/28/2020,138248,1700,1155,10,51059,85489
11/29/2020,139099,1715,851,15,51745,85639
11/30/2020,139638,1726,539,11,50386,87526
12/1/2020,140172,1731,534,5,50720,87721
12/2/2020,141340,1739,1168,8,51375,88226
12/3/2020,142505,1757,1165,18,49324,91424
12/4/2020,143685,1773,1180,16,46123,95789
12/5/2020,144891,1793,1206,20,44488,98610
12/6/2020,145845,1810,954,17,43115,100920
12/7/2020,146421,1825,576,15,41741,102855
12/8/2020,147430,1846,1009,21,39898,105686
12/9/2020,148688,1864,1258,18,39200,107624
12/10/2020,149815,1882,1127,18,38078,109855
12/11/2020,150947,1895,1132,13,36430,112622
12/12/2020,152096,1913,1149,18,35402,114781
12/13/2020,152620,1921,524,8,33944,116755
12/14/2020,153169,1936,549,15,32722,118511
12/15/2020,154096,1956,927,20,31109,121031
12/16/2020,155263,1967,1167,11,30349,122947
12/17/2020,156388,1980,1125,13,29501,124907
12/18/2020,157472,1996,1084,16,29988,125488
12/19/2020,158491,2011,1019,15,30685,125795
12/20/2020,159258,2023,767,12,31064,126171
12/21/2020,159893,2037,635,14,31079,126777
12/22/2020,160804,2051,911,14,31135,127618
12/23/2020,161942,2065,1138,14,31661,128216
12/24/2020,162990,2086,1048,21,32062,128842
12/25/2020,164062,2103,1072,17,32849,129110
12/26/2020,164607,2117,545,14,33274,129216
12/27/2020,165204,2134,597,17,33789,129281
12/28/2020,165762,2144,558,10,33329,130289
12/29/2020,166799,2156,1037,12,33654,130989
12/30/2020,168114,2171,1315,15,34436,131507
12/31/2020,169321,2185,1207,14,35213,131923
1/1/2021,170591,2193,1270,8,35916,132482
1/2/2021,171130,2205,539,12,36362,132563
1/3/2021,171719,2218,589,13,36758,132743
1/4/2021,172436,2229,717,11,37291,132916
1/5/2021,173591,2248,1155,19,37736,133607
1/6/2021,175038,2267,1447,19,37860,134911
1/7/2021,176407,2286,1369,19,38646,135475
1/8/2021,177614,2305,1207,19,39226,136083
1/9/2021,178649,2322,1035,17,39405,136922
1/10/2021,179405,2338,756,16,39926,137141
1/11/2021,180061,2353,656,15,39077,138631
1/12/2021,181093,2367,1032,14,39429,139297
1/13/2021,182156,2384,1063,17,39805,139967
1/14/2021,183242,2401,1086,17,40268,140573
1/15/2021,184187,2416,945,15,40397,141374
1/16/2021,185145,2433,958,17,40695,142017
1/17/2021,185653,2449,508,16,41098,142106
1/18/2021,186016,2458,363,9,41313,142245
1/19/2021,186877,2477,861,19,40370,144030
1/20/2021,187712,2492,835,15,40343,144877
1/21/2021,188477,2506,765,14,40247,145724
1/22/2021,189308,2518,831,12,40342,146448
1/23/2021,189959,2532,651,14,40054,147373
1/24/2021,190390,2543,431,11,39732,148115
1/25/2021,190745,2558,355,15,39038,149149
1/26/2021,191345,2567,600,9,38970,149808
1/27/2021,192066,2584,721,17,38734,150748
1/28/2021,192637,2599,571,15,38656,151382
1/29/2021,193276,2604,639,5,38720,151952
1/30/2021,193844,2612,568,8,38693,152539
1/31/2021,194280,2627,436,15,39034,152619
2/1/2021,194569,2634,289,7,38872,153063
2/2/2021,195009,2641,440,7,38141,154227
2/3/2021,195537,2650,528,9,37842,155045
2/4/2021,195992,2662,455,12,37749,155581
2/5/2021,196438,2672,446,10,37585,156181
2/6/2021,196944,2680,506,8,36524,157740
2/7/2021,197225,2687,281,7,36542,157996
2/8/2021,197435,2692,210,5,36460,158283
2/9/2021,197852,2698,417,6,36334,158820
2/10/2021,198338,2701,486,3,36051,159586
2/11/2021,198756,2710,418,9,35584,160462
2/12/2021,199187,2714,431,4,35527,160946
2/13/2021,199577,2719,390,5,35628,161230
2/14/2021,199842,2723,265,4,34767,162352
2/15/2021,200024,2730,182,7,33960,163334
2/16/2021,200454,2737,430,7,32278,165439
2/17/2021,200888,2745,434,8,31164,166979
2/18/2021,201241,2756,353,11,30178,168307
2/19/2021,201678,2763,437,7,29862,169053
2/20/2021,202227,2771,549,8,28843,170613
2/21/2021,202466,2777,239,6,27913,171776
2/22/2021,202674,2782,208,5,27612,172280
2/23/2021,203097,2785,423,3,26721,173591
2/24/2021,203496,2793,399,8,26607,174096
2/25/2021,203914,2796,418,3,25235,175883
2/26/2021,204341,2800,427,4,24442,177099
2/27/2021,204706,2803,365,3,23058,178845
2/28/2021,204906,2806,200,3,22108,179992
3/1/2021,205086,2812,180,6,20423,181851
3/2/2021,205514,2820,428,8,18783,183911
3/3/2021,205890,2824,376,4,18021,185045
3/4/2021,206293,2829,403,5,17371,186093
3/5/2021,206640,2833,347,4,16323,187484
3/6/2021,207056,2835,416,2,16408,187813
3/7/2021,207272,2838,216,3,16565,187869
3/8/2021,207460,2841,188,3,16644,187975
3/9/2021,207832,2848,372,7,16833,188151
3/10/2021,208244,2852,412,4,17181,188211
3/11/2021,208717,2859,473,7,17117,188741
3/12/2021,209093,2862,376,3,17264,188967
3/13/2021,209573,2867,480,5,17420,189286
3/14/2021,209840,2875,267,8,17595,189370
3/15/2021,210016,2881,176,6,17655,189480
3/16/2021,210447,2886,431,5,17879,189682
3/17/2021,210948,2891,501,5,18153,189904
3/18/2021,211433,2894,485,3,18500,190039
3/19/2021,211903,2896,470,2,18771,190236
3/20/2021,212390,2897,487,1,19059,190434
3/21/2021,212670,2900,280,3,19281,190489
3/22/2021,212925,2904,255,4,19295,190726
3/23/2021,213438,2908,513,4,19580,190950
3/24/2021,213999,2914,561,6,19904,191181
3/25/2021,214608,2923,609,9,20235,191450
3/26/2021,215178,2931,570,8,20540,191707
3/27/2021,215706,2936,528,5,20848,191922
3/28/2021,216010,2942,304,6,21072,191996
3/29/2021,216268,2949,258,7,20925,192394
3/30/2021,216764,2957,496,8,21108,192699
3/31/2021,217346,2965,582,8,21430,192951
4/1/2021,217884,2970,538,5,21774,193140
4/2/2021,218156,2974,272,4,21926,193256
4/3/2021,218449,2981,293,7,21925,193543
4/4/2021,218808,2983,359,2,22252,193573
4/5/2021,219162,2992,354,9,22483,193687
4/6/2021,219846,3000,684,8,22989,193857
4/7/2021,220753,3004,907,4,23493,194256
4/8/2021,221630,3011,877,7,24110,194509
4/9/2021,222544,3018,914,7,24766,194760
4/10/2021,223435,3024,891,6,25100,195311
4/11/2021,223917,3030,482,6,25242,195645
4/12/2021,224386,3036,469,6,25685,195665
4/13/2021,225343,3044,957,8,26239,196060
4/14/2021,226412,3054,1069,10,26784,196574
4/15/2021,227533,3065,1121,11,27716,196752
4/16/2021,228577,3071,1044,6,28532,196974
4/17/2021,229637,3084,1060,13,29214,197339
4/18/2021,230301,3091,664,7,29704,197506
4/19/2021,230837,3099,536,8,29896,197842
4/20/2021,231967,3104,1130,5,29697,199166
4/21/2021,233498,3115,1531,11,31004,199379
4/22/2021,235274,3125,1776,10,32370,199779
4/23/2021,236930,3136,1656,11,33812,199982
4/24/2021,238760,3143,1830,7,35209,200408
4/25/2021,240037,3158,1277,15,36158,200721
4/26/2021,241240,3168,1203,10,36808,201264
4/27/2021,243167,3186,1927,18,38197,201784
4/28/2021,245601,3202,2434,16,40184,202215
4/29/2021,248382,3217,2781,15,42572,202593
4/30/2021,250991,3231,2609,14,44751,203009
5/1/2021,252982,3254,1991,23,46205,203523
5/2/2021,254821,3266,1839,12,47095,204460
5/3/2021,256676,3290,1855,24,47919,205467
5/4/2021,257980,3310,1304,20,48351,206319
5/5/2021,260535,3326,2555,16,47874,209335
5/6/2021,263094,3341,2559,15,48710,211043
5/7/2021,265486,3365,2392,24,49596,212525
5/8/2021,266515,3386,1029,21,50108,213021
5/9/2021,269978,3409,3463,23,52679,213890
5/10/2021,271478,3430,1500,21,53260,214788
5/11/2021,273714,3456,2236,26,54067,216191
5/12/2021,276887,3482,3173,26,55721,217684
5/13/2021,279926,3514,3039,32,57307,219105
5/14/2021,282741,3547,2815,33,57291,221903
5/15/2021,285536,3571,2795,24,59031,222934
5/16/2021,287304,3593,1768,22,59974,223737
5/17/2021,288626,3625,1322,32,60647,224354
5/18/2021,290920,3673,2294,48,62089,225158
5/19/2021,293820,3696,2900,23,64174,225950
5/20/2021,296632,3736,2812,40,66229,226667
5/21/2021,299219,3765,2587,29,66865,228589
5/22/2021,301664,3797,2445,32,68505,229362
5/23/2021,303390,3820,1726,23,68935,230635
5/24/2021,304529,3849,1139,29,70045,230635
5/25/2021,306899,3877,2370,28,71703,231319
5/26/2021,309486,3908,2587,31,66607,238971
5/27/2021,311922,3929,2436,21,68076,239917
5/28/2021,314102,3962,2180,33,68121,242019
5/29/2021,316440,3993,2338,31,69495,242952
5/30/2021,317845,4022,1405,29,70679,243144
5/31/2021,318986,4041,1141,19,71450,243495
6/1/2021,321279,4074,2293,33,72623,244582
6/2/2021,323598,4098,2319,24,73792,245708
6/3/2021,325779,4124,2181,26,74969,246686
6/4/2021,327979,4153,2200,29,75921,247905
6/5/2021,329815,4175,1836,22,76847,248793
6/6/2021,330992,4205,1177,30,77827,248960
6/7/2021,331920,4228,928,23,78483,249209
6/8/2021,333820,4251,1900,23,76881,252688
6/9/2021,336007,4278,2187,27,72907,258822
6/10/2021,338048,4298,2041,20,73878,259872
6/11/2021,339900,4322,1852,24,74383,261195
6/12/2021,341542,4346,1642,24,74774,262422
6/13/2021,342738,4369,1196,23,75612,262757
6/14/2021,343604,4388,866,19,76364,262852
6/15/2021,345312,4407,1708,19,75650,265255
6/16/2021,347157,4437,1845,30,76471,266249
6/17/2021,349026,4459,1869,22,76798,267769
6/18/2021,350630,4473,1604,14,74029,272128
6/19/2021,352212,4490,1582,17,70826,276896
6/20/2021,353298,4506,1086,16,71205,277587
6/21/2021,354095,4530,797,24,71340,278225
6/22/2021,355620,4546,1525,16,70032,281042
6/23/2021,357523,4567,1903,21,69021,283935
6/24/2021,359266,4581,1743,14,69329,285356
6/25/2021,361005,4602,1739,21,69155,287248
6/26/2021,362568,4614,1563,12,69132,288822
6/27/2021,363512,4629,944,15,69648,289235
6/28/2021,364304,4648,792,19,70111,289545
6/29/2021,366161,4661,1857,13,69422,292078
6/30/2021,367938,4667,1777,6,69739,293532
7/1/2021,369540,4674,1602,7,69994,294872
7/2/2021,371206,4686,1666,12,70424,296096
7/3/2021,372641,4703,1435,17,69597,298341
7/4/2021,373634,4718,993,15,70086,298830
7/5/2021,374324,4726,690,8,69690,299908
7/6/2021,375812,4740,1488,14,70089,300983
7/7/2021,377091,4753,1279,13,70612,301726
7/8/2021,378938,4760,1847,7,69783,304395
7/9/2021,380482,4773,1544,13,70283,305426
7/10/2021,381878,4786,1396,13,71289,305803
7/11/2021,382715,4794,837,8,72092,305829
7/12/2021,383500,4812,785,18,71414,307274
7/13/2021,385069,4829,1569,17,71670,308570
7/14/2021,386722,4842,1653,13,70119,311761
7/15/2021,388298,4857,1576,15,70967,312474
7/16/2021,389798,4874,1500,17,71701,313223
7/17/2021,391067,4880,1269,6,70985,315202
7/18/2021,392039,4895,972,15,70846,316298
7/19/2021,392781,4906,742,11,70585,317290
7/20/2021,394135,4915,1354,9,70784,318436
7/21/2021,395667,4925,1532,10,71011,319731
7/22/2021,397469,4933,1802,8,71488,321048
7/23/2021,398608,4941,1139,8,71244,322423
7/24/2021,399751,4949,1143,8,71724,323078
7/25/2021,400574,4966,823,17,72370,323238
7/26/2021,401188,4981,614,15,71974,324233
7/27/2021,402044,4987,856,6,71918,325139
7/28/2021,403511,4997,1467,10,71865,326649
7/29/2021,405206,5013,1695,16,72944,327249
7/30/2021,406814,5030,1608,17,72145,329639
7/31/2021,408200,5042,1386,12,70862,332296
8/1/2021,409160,5048,960,6,70866,333246
8/2/2021,410180,5059,1020,11,71054,334067
8/3/2021,411123,5070,943,11,71936,334117
8/4/2021,412918,5087,1795,17,73072,334759
8/5/2021,414745,5108,1827,21,74127,335510
8/6/2021,416677,5124,1932,16,74130,337423
8/7/2021,418351,5136,1674,12,74194,339021
8/8/2021,419574,5144,1223,8,73785,340645
8/9/2021,420462,5162,888,18,72901,342399
8/10/2021,422344,5169,1882,7,73406,343769
8/11/2021,424472,5185,2128,16,73297,345990
8/12/2021,426474,5199,2002,14,72887,348388
8/13/2021,428295,5211,1821,12,72984,350100
8/14/2021,430087,5225,1792,14,74133,350729
8/15/2021,431271,5236,1184,11,75297,350738
8/16/2021,432149,5255,878,19,76131,350763
8/17/2021,434081,5269,1932,14,77633,351179
8/18/2021,436276,5284,2195,15,78660,352332
8/19/2021,438587,5296,2311,12,80060,353231
8/20/2021,440647,5312,2060,16,81325,354010
8/21/2021,442695,5330,2048,18,82623,354742
8/22/2021,443962,5342,1267,12,82468,356152
8/23/2021,445442,5361,1480,19,82842,357239
8/24/2021,447672,5378,2230,17,82460,359834
8/25/2021,450291,5394,2619,16,83803,361094
8/26/2021,452997,5417,2706,23,82929,364651
8/27/2021,455784,5431,2787,14,83781,366572
8/28/2021,458062,5457,2278,26,84137,368468
8/29/2021,459691,5471,1629,14,84345,369875
8/30/2021,461145,5492,1454,21,84929,370724
8/31/2021,463726,5506,2581,14,85526,372694
9/1/2021,466574,5523,2848,17,86421,374630
9/2/2021,469565,5540,2991,17,88553,375472
9/3/2021,472315,5568,2750,28,89150,377597
9/4/2021,474663,5593,2348,25,88959,380111
9/5/2021,476709,5618,2046,25,89764,381327
9/6/2021,478144,5642,1435,24,88148,384354
9/7/2021,481100,5673,2956,31,88456,386971
9/8/2021,483984,5702,2884,29,89753,388529
9/9/2021,486959,5721,2975,19,89953,391285
9/10/2021,489784,5754,2825,33,91037,392993
9/11/2021,492330,5780,2546,26,92151,394399
9/12/2021,493979,5805,1649,25,92233,395941
9/13/2021,495360,5832,1381,27,92300,397228
9/14/2021,496736,5851,1376,19,90208,400677
9/15/2021,499461,5889,2725,38,90591,402981
9/16/2021,502362,5919,2901,30,91724,404719
9/17/2021,505163,5949,2801,30,92554,406660
9/18/2021,507512,5991,2349,42,93025,408496
9/19/2021,509139,6023,1627,32,93578,409538
9/20/2021,510653,6056,1514,33,92918,411679
9/21/2021,513384,6098,2731,42,93557,413729
9/22/2021,515931,6128,2547,30,93684,416119
9/23/2021,518632,6168,2701,40,94119,418345
9/24/2021,521182,6189,2550,21,94789,420204
9/25/2021,523453,6214,2271,25,95378,421861
9/26/2021,524821,6249,1368,35,95403,423169
9/27/2021,525999,6277,1178,28,94645,425077
9/28/2021,528077,6316,2078,39,95376,426385
9/29/2021,530113,6349,2036,33,87187,436577
9/30/2021,532185,6386,2072,37,88471,437328
10/1/2021,533873,6413,1688,27,88643,438817
10/2/2021,535943,6441,2070,28,89167,440335
10/3/2021,537035,6468,1092,27,89296,441271
10/4/2021,537916,6494,881,26,82290,449132
10/5/2021,539422,6522,1506,28,82365,450535
10/6/2021,541036,6553,1614,31,82064,452419
10/7/2021,542653,6584,1617,31,82280,453789
10/8/2021,544021,6612,1368,28,82432,454977
10/9/2021,545276,6641,1255,29,80836,457799
10/10/2021,546030,6664,754,23,80585,458781
10/11/2021,546595,6698,565,34,77917,461980
10/12/2021,547914,6718,1319,20,77123,464073
10/13/2021,549084,6744,1170,26,76578,465762
10/14/2021,550134,6771,1050,27,75227,468136
10/15/2021,551144,6797,1010,26,74291,470056
10/16/2021,552093,6819,949,22,72740,472534
10/17/2021,552595,6836,502,17,72141,473618
10/18/2021,552953,6857,358,21,69365,476731
10/19/2021,553661,6880,708,23,67612,479169
10/20/2021,554604,6895,943,15,66989,480720
10/21/2021,555352,6927,748,32,65746,482679
10/22/2021,555970,6946,618,19,64593,484431
10/23/2021,556539,6960,569,14,63544,486035
10/24/2021,556889,6974,350,14,61850,488065
10/25/2021,557165,6983,276,9,61069,489113
10/26/2021,557922,6997,757,14,60253,490672
10/27/2021,558654,7008,732,11,60449,491197
10/28/2021,559250,7021,596,13,59610,492619
10/29/2021,559698,7029,448,8,52244,500425
10/30/2021,560118,7047,420,18,51205,501866
10/31/2021,560344,7060,226,13,49637,503647
11/1/2021,560563,7078,219,18,48017,505468
11/2/2021,561054,7093,491,15,48252,505709
11/3/2021,561432,7111,378,18,46261,508060
11/4/2021,561829,7124,397,13,43250,511455
11/5/2021,562316,7134,487,10,41489,513693
11/6/2021,562655,7144,339,10,39729,515782
11/7/2021,562812,7156,157,12,38889,516767
11/8/2021,562966,7164,154,8,37646,518156
11/9/2021,563290,7176,324,12,37037,519077
11/10/2021,563610,7183,320,7,36176,520251
11/11/2021,563924,7190,314,7,34274,522460
11/12/2021,564159,7197,235,7,32402,524560
11/13/2021,564378,7204,219,7,30742,526432
11/14/2021,564544,7214,166,10,29013,528317
11/15/2021,564662,7223,118,9,26757,530682
11/16/2021,564901,7231,239,8,23499,534171
11/17/2021,565096,7241,195,10,23098,534757
11/18/2021,565347,7248,251,7,22810,535289
11/19/2021,565548,7251,201,3,22385,535912
11/20/2021,565740,7254,192,3,20245,538241
11/21/2021,565881,7257,141,3,19380,539244
11/22/2021,565952,7264,71,7,18210,540478
11/23/2021,566119,7271,167,7,17692,541156
11/24/2021,566296,7280,177,9,17438,541578
11/25/2021,566429,7284,133,4,15543,543602
11/26/2021,566560,7287,131,3,15398,543875
11/27/2021,566660,7289,100,2,14723,544648
11/28/2021,566730,7292,70,3,13773,545665
11/29/2021,566791,7296,61,4,12557,546938
11/30/2021,566839,7299,48,3,11520,548020
12/1/2021,566959,7305,120,6,10546,549108
12/2/2021,567263,7309,304,4,9425,550529
12/3/2021,567383,7312,120,3,7913,552158
12/4/2021,567507,7315,124,3,6282,553910
12/5/2021,567563,7317,56,2,4942,555304
12/6/2021,567614,7318,51,1,4647,555649
12/7/2021,567706,7324,92,6,3601,556781
12/8/2021,567824,7324,118,0,2880,557620
12/9/2021,567906,7328,82,4,2377,558201
12/10/2021,567995,7332,89,4,2024,558639
12/11/2021,568069,7333,74,1,1914,558822
12/12/2021,568165,7333,96,0,1871,558961
12/13/2021,568224,7333,59,0,1659,559232
12/14/2021,568305,7333,81,0,1690,559282
12/15/2021,568373,7336,68,3,1656,559381
12/16/2021,568428,7336,55,0,1596,559496
12/17/2021,568538,7340,110,4,1544,559654
12/18/2021,568641,7340,103,0,1547,559754
12/19/2021,568684,7340,43,0,1475,559869
12/20/2021,568755,7342,71,2,1472,559941
12/21/2021,568860,7343,105,1,1278,560239
12/22/2021,569023,7343,163,0,1390,560290
12/23/2021,569260,7345,237,2,1472,560443
12/24/2021,569523,7349,263,4,1682,560492
12/25/2021,569908,7351,385,2,2047,560510
12/26/2021,570018,7352,110,1,2137,560529
12/27/2021,570135,7352,117,0,2116,560667
12/28/2021,570556,7353,421,1,2494,560709
12/29/2021,570960,7354,404,1,2802,560804
12/30/2021,571481,7357,521,3,3280,560844
12/31/2021,572548,7357,1067,0,4223,560968
1/1/2022,573293,7358,745,1,4936,560999
1/2/2022,573843,7361,550,3,5416,561066
1/3/2022,574371,7363,528,2,5892,561116
1/4/2022,575871,7366,1500,3,7096,561409
1/5/2022,578413,7369,2542,3,9457,561587
1/6/2022,581394,7370,2981,1,12348,561676
1/7/2022,584547,7372,3153,2,15346,561829
1/8/2022,587921,7379,3374,7,18684,561858
1/9/2022,589656,7381,1735,2,20378,561897
1/10/2022,591745,7382,2089,1,22176,562187
1/11/2022,595795,7386,4050,4,25792,562617
1/12/2022,599965,7394,4170,8,29475,563096
1/13/2022,604658,7401,4693,7,33904,563353
1/14/2022,609882,7406,5224,5,38278,564198
1/15/2022,614593,7413,4711,7,42870,564310
1/16/2022,617762,7415,3169,2,45879,564468
1/17/2022,620587,7421,2825,6,47796,565370
1/18/2022,625952,7425,5365,4,52274,566253
1/19/2022,631311,7434,5359,9,56984,566893
1/20/2022,637327,7441,6016,7,62305,567581
1/21/2022,643496,7451,6169,10,65564,570481
1/22/2022,648890,7462,5394,11,70558,570870
1/23/2022,653129,7470,4239,8,73966,571693
1/24/2022,655825,7483,2696,13,76592,571750
1/25/2022,661684,7492,5859,9,82221,571971
1/26/2022,668209,7505,6525,13,88602,572102
1/27/2022,675178,7521,6969,16,95520,572137
1/28/2022,682480,7533,7302,12,101937,573010
1/29/2022,688501,7547,6021,14,107558,573396
1/30/2022,691925,7555,3424,8,109897,574473
1/31/2022,694865,7575,2940,20,112773,574517
2/1/2022,701471,7593,6606,18,117376,576502
2/2/2022,708560,7605,7089,12,123238,577717
2/3/2022,715749,7621,7189,16,129280,578848
2/4/2022,721971,7641,6222,20,134126,580204
2/5/2022,727537,7658,5566,17,138598,581281
2/6/2022,730962,7676,3425,18,141030,582256
2/7/2022,733708,7694,2746,18,141963,584051
2/8/2022,739844,7712,6136,18,146684,585448
2/9/2022,745949,7730,6105,18,150958,587261
2/10/2022,751605,7752,5656,22,154622,589231
2/11/2022,757093,7772,5488,20,158231,591090
2/12/2022,761728,7784,4635,12,161500,592444
2/13/2022,764435,7798,2707,14,163114,593523
2/14/2022,766520,7806,2085,8,163464,595250
2/15/2022,771027,7829,4507,23,165746,597452
2/16/2022,775318,7847,4291,18,145917,621554
2/17/2022,779323,7874,4005,27,142275,629174
2/18/2022,783437,7894,4114,20,140531,635012
2/19/2022,786490,7906,3053,12,141326,637258
2/20/2022,788669,7919,2179,13,141397,639353
2/21/2022,790444,7936,1775,17,142045,640463
2/22/2022,793835,7954,3391,18,141367,644514
2/23/2022,797030,7969,3195,15,137584,651477
2/24/2022,799826,7984,2796,15,134519,657323
2/25/2022,802472,7999,2646,15,134866,659607
2/26/2022,804627,8013,2155,14,134673,661941
2/27/2022,805664,8031,1037,18,133266,664367
2/28/2022,806928,8037,1264,6,131333,667558
3/1/2022,809131,8047,2203,10,127790,673294
3/2/2022,811040,8057,1909,10,123837,679146
3/3/2022,812812,8073,1772,16,121748,682991
3/4/2022,814583,8082,1771,9,119661,686840
3/5/2022,815945,8097,1362,15,116282,691566
3/6/2022,816718,8113,773,16,111851,696754
3/7/2022,817538,8121,820,8,103888,705529
3/8/2022,818996,8136,1458,15,99094,711766
3/9/2022,820445,8142,1449,6,97354,714949
3/10/2022,821813,8149,1368,7,95771,717893
3/11/2022,822935,8160,1122,11,96497,718278
3/12/2022,823915,8171,980,11,92775,722969
3/13/2022,824704,8178,789,7,88325,728201
3/14/2022,825158,8186,454,8,83308,733664
3/15/2022,826251,8192,1093,6,78333,739726
3/16/2022,827346,8202,1095,10,75393,743751
3/17/2022,828442,8215,1096,13,71964,748263
3/18/2022,829400,8226,958,11,65483,755691
3/19/2022,830299,8232,899,6,61963,760104
3/20/2022,830728,8235,429,3,58329,764164
3/21/2022,831152,8244,424,9,53807,769101
3/22/2022,832054,8256,902,12,50076,773722
3/23/2022,832966,8261,912,5,44671,780034
3/24/2022,833909,8263,943,2,39193,786453
3/25/2022,834726,8266,817,3,33857,792603
3/26/2022,835452,8271,726,5,31065,796116
3/27/2022,835849,8273,397,2,27466,800110
3/28/2022,836218,8278,369,5,24973,802967
3/29/2022,837086,8288,868,10,22178,806620
3/30/2022,837828,8298,742,10,18344,811186
3/31/2022,838537,8300,709,2,16430,813807
4/1/2022,839368,8308,831,8,15350,815710
4/2/2022,840015,8313,647,5,15012,816690
4/3/2022,840383,8316,368,3,14421,817646
4/4/2022,840658,8320,275,4,13908,818430
4/5/2022,841343,8327,685,7,12163,820853
4/6/2022,842050,8332,707,5,11238,822480
4/7/2022,842770,8340,720,8,11293,823137
4/8/2022,843484,8343,714,3,11765,823376
4/9/2022,843992,8347,508,4,11594,824051
4/10/2022,844315,8352,323,5,11338,824625
4/11/2022,844604,8356,289,4,10915,825333
4/12/2022,844892,8357,288,1,10936,825599
4/13/2022,845432,8361,540,4,10675,826396
4/14/2022,845920,8363,488,2,10345,827212
4/15/2022,846142,8365,222,2,10236,827541
4/16/2022,846351,8369,209,4,9882,828100
4/17/2022,846687,8373,336,4,9671,828643
4/18/2022,846997,8378,310,5,9747,828872
4/19/2022,847784,8383,787,5,9886,829515
4/20/2022,848469,8388,685,5,10138,829943
4/21/2022,849199,8394,730,6,9963,830842
4/22/2022,849865,8397,666,3,10526,830942
4/23/2022,850584,8400,719,3,10832,831352
4/24/2022,851021,8402,437,2,10753,831866
4/25/2022,851363,8404,342,2,10550,832409
4/26/2022,852074,8405,711,1,10816,832853
4/27/2022,852871,8406,797,1,11419,833046
4/28/2022,853833,8408,962,2,11593,833832
4/29/2022,854597,8410,764,2,11861,834326
4/30/2022,855321,8413,724,3,12107,834801
5/1/2022,855829,8414,508,1,12033,835382
5/2/2022,856258,8417,429,3,11862,835979
5/3/2022,857290,8421,1032,4,12148,836721
5/4/2022,858686,8427,1396,6,12150,838109
5/5/2022,860167,8429,1481,2,12696,839042
5/6/2022,861715,8433,1548,4,13625,839657
5/7/2022,862879,8437,1164,4,14290,840152
5/8/2022,863693,8440,814,3,14792,840461
5/9/2022,864467,8441,774,1,14978,841048
5/10/2022,866164,8444,1697,3,16037,841683
5/11/2022,867968,8451,1804,7,16327,843190
5/12/2022,869828,8453,1860,2,17725,843650
5/13/2022,871675,8459,1847,6,18683,844533
5/14/2022,873092,8461,1417,2,19330,845301
5/15/2022,874419,8464,1327,3,20308,845647
5/16/2022,875499,8466,1080,2,20278,846755
5/17/2022,877533,8472,2034,6,21026,848035
5/18/2022,879696,8473,2163,1,22338,848885
5/19/2022,882201,8477,2505,4,23463,850261
5/20/2022,884375,8481,2174,4,24782,851112
5/21/2022,886017,8486,1642,5,25857,851674
5/22/2022,887425,8489,1408,3,26549,852387
5/23/2022,888800,8490,1375,1,26857,853453
5/24/2022,891038,8495,2238,5,28117,854426
5/25/2022,893213,8499,2175,4,28566,856148
5/26/2022,896712,8505,3499,6,31441,856766
5/27/2022,899404,8508,2692,3,33124,857772
5/28/2022,901542,8517,2138,9,34163,858862
5/29/2022,903213,8522,1671,5,34507,860184
5/30/2022,904934,8525,1721,3,35698,860711
5/31/2022,907322,8525,2388,0,35647,863150
6/1/2022,909710,8525,2388,0,36618,864567
6/2/2022,912098,8525,2388,0,37679,865894
6/3/2022,914487,8525,2389,0,38988,866974
6/4/2022,916876,8525,2389,0,39343,869008
6/5/2022,919242,8526,2366,1,39545,871171
6/6/2022,921608,8528,2366,2,39405,873675
6/7/2022,923974,8530,2366,2,39597,875847
6/8/2022,926340,8532,2366,2,40321,877487
6/9/2022,928706,8534,2366,2,41279,878893
6/10/2022,931073,8536,2367,2,42271,880266
6/11/2022,933440,8538,2367,2,42400,882502
6/12/2022,935915,8541,2475,3,42699,884675
6/13/2022,938390,8544,2475,3,41675,888171
6/14/2022,940865,8548,2475,4,41457,890860
6/15/2022,943341,8552,2476,4,41795,892994
6/16/2022,945817,8556,2476,4,42600,894661
6/17/2022,948293,8560,2476,4,43355,896378
6/18/2022,950769,8564,2476,4,43443,898762
6/19/2022,953342,8569,2573,5,43627,901146
6/20/2022,955915,8574,2573,5,43812,903529
6/21/2022,958488,8579,2573,5,43996,905913
6/22/2022,961061,8584,2573,5,44180,908297
6/23/2022,963634,8590,2573,6,44386,910658
6/24/2022,966207,8596,2573,6,44593,913018
6/25/2022,968781,8602,2574,6,44801,915378
6/26/2022,971689,8605,2908,3,45346,917738
6/27/2022,974598,8609,2909,4,45888,920101
6/28/2022,977507,8613,2909,4,46430,922464
6/29/2022,980416,8617,2909,4,46972,924827
6/30/2022,983325,8621,2909,4,47406,927298
7/1/2022,986234,8625,2909,4,47840,929769
7/2/2022,989143,8629,2909,4,48274,932240
7/3/2022,991603,8633,2460,4,48258,934712
7/4/2022,994063,8637,2460,4,48242,937184
7/5/2022,996523,8641,2460,4,48226,939656
7/6/2022,998983,8645,2460,4,48210,942128
7/7/2022,1001444,8649,2461,4,48098,944697
7/8/2022,1003905,8653,2461,4,47986,947266
7/9/2022,1006366,8658,2461,5,47873,949835
7/10/2022,1009066,8663,2700,5,48000,952403
7/11/2022,1011767,8668,2701,5,48128,954971
7/12/2022,1014468,8673,2701,5,48256,957539
7/13/2022,1017169,8678,2701,5,48383,960108
7/14/2022,1019870,8683,2701,5,48176,963011
7/15/2022,1022571,8689,2701,6,47967,965915
7/16/2022,1025272,8695,2701,6,47759,968818
7/17/2022,1027559,8702,2287,7,47136,971721
7/18/2022,1029846,8709,2287,7,46514,974623
7/19/2022,1032133,8716,2287,7,45892,977525
7/20/2022,1034420,8723,2287,7,45270,980427
7/21/2022,1036707,8730,2287,7,45097,982880
7/22/2022,1038995,8737,2288,7,44925,985333
7/23/2022,1041283,8745,2288,8,44752,987786
7/24/2022,1043210,8750,1927,5,44222,990238
7/25/2022,1045137,8755,1927,5,43688,992694
7/26/2022,1047064,8760,1927,5,43154,995150
7/27/2022,1048991,8765,1927,5,42620,997606
7/28/2022,1050918,8770,1927,5,41847,1000301
7/29/2022,1052845,8775,1927,5,41073,1002997
7/30/2022,1054772,8780,1927,5,40299,1005693
7/31/2022,1056410,8784,1638,4,39237,1008389
8/1/2022,1058048,8788,1638,4,38174,1011086
8/2/2022,1059686,8792,1638,4,37111,1013783
8/3/2022,1061324,8797,1638,5,36047,1016480
8/4/2022,1062963,8802,1639,5,35399,1018762
8/5/2022,1064602,8807,1639,5,34751,1021044
8/6/2022,1066241,8812,1639,5,34103,1023326
8/7/2022,1067765,8816,1524,4,33341,1025608
8/8/2022,1069289,8820,1524,4,32578,1027891
8/9/2022,1070813,8824,1524,4,31814,1030175
8/10/2022,1072338,8828,1525,4,31051,1032459
8/11/2022,1073863,8832,1525,4,30649,1034382
8/12/2022,1075388,8836,1525,4,30247,1036305
8/13/2022,1076913,8840,1525,4,29845,1038228
8/14/2022,1078183,8844,1270,4,29188,1040151
8/15/2022,1079453,8848,1270,4,28531,1042074
8/16/2022,1080723,8852,1270,4,27874,1043997
8/17/2022,1081993,8856,1270,4,27217,1045920
8/18/2022,1083263,8860,1270,4,26849,1047554
8/19/2022,1084534,8864,1271,4,26482,1049188
8/20/2022,1085805,8868,1271,4,26115,1050822
8/21/2022,1087078,8872,1273,4,25750,1052456
8/22/2022,1088351,8876,1273,4,25384,1054091
8/23/2022,1089624,8880,1273,4,25018,1055726
8/24/2022,1090897,8884,1273,4,24652,1057361
8/25/2022,1092170,8889,1273,5,24400,1058881
8/26/2022,1093444,8894,1274,5,24150,1060400
8/27/2022,1094718,8899,1274,5,23900,1061919
8/28/2022,1095884,8902,1166,3,23543,1063439
8/29/2022,1097050,8905,1166,3,23184,1064961
8/30/2022,1098216,8909,1166,4,22824,1066483
8/31/2022,1099383,8913,1167,4,22466,1068004
9/1/2022,1100550,8917,1167,4,22363,1069270
9/2/2022,1101717,8921,1167,4,22260,1070536
9/3/2022,1102884,8925,1167,4,22157,1071802
9/4/2022,1103766,8927,882,2,21771,1073068
9/5/2022,1104648,8930,882,3,21382,1074336
9/6/2022,1105530,8933,882,3,20993,1075604
9/7/2022,1106412,8936,882,3,20604,1076872
9/8/2022,1107295,8939,883,3,20214,1078142
9/9/2022,1108178,8942,883,3,19824,1079412
9/10/2022,1109061,8945,883,3,19434,1080682
9/11/2022,1109921,8947,860,2,19022,1081952
9/12/2022,1110781,8950,860,3,18608,1083223
9/13/2022,1111641,8953,860,3,18194,1084494
9/14/2022,1112501,8956,860,3,17780,1085765
9/15/2022,1113361,8959,860,3,17474,1086928
9/16/2022,1114221,8962,860,3,17168,1088091
9/17/2022,1115081,8965,860,3,16862,1089254
9/18/2022,1115631,8966,550,1,16247,1090418
9/19/2022,1116181,8968,550,2,15629,1091584
9/20/2022,1116731,8970,550,2,15012,1092749
9/21/2022,1117281,8972,550,2,14395,1093914
9/22/2022,1117831,8974,550,2,14063,1094794
9/23/2022,1118382,8976,551,2,13732,1095674
9/24/2022,1118933,8978,551,2,13401,1096554
9/25/2022,1119408,8979,475,1,12995,1097434
9/26/2022,1119883,8980,475,1,12587,1098316
9/27/2022,1120359,8981,476,1,12180,1099198
9/28/2022,1120835,8982,476,1,11773,1100080
9/29/2022,1121311,8983,476,1,11389,1100939
9/30/2022,1121787,8984,476,1,11005,1101798
10/1/2022,1122263,8986,476,2,10620,1102657
10/2/2022,1122686,8987,423,1,10184,1103515
10/3/2022,1123109,8988,423,1,9747,1104374
10/4/2022,1123533,8989,424,1,9311,1105233
10/5/2022,1123957,8990,424,1,8875,1106092
10/6/2022,1124381,8991,424,1,8749,1106641
10/7/2022,1124805,8992,424,1,8623,1107190
10/8/2022,1125229,8994,424,2,8496,1107739
10/9/2022,1125591,8995,362,1,8309,1108287
10/10/2022,1125953,8996,362,1,8121,1108836
10/11/2022,1126315,8997,362,1,7932,1109386
10/12/2022,1126677,8998,362,1,7743,1109936
10/13/2022,1127039,8999,362,1,7630,1110410
10/14/2022,1127401,9000,362,1,7517,1110884
10/15/2022,1127764,9002,363,2,7403,1111359
10/16/2022,1128138,9003,374,1,7302,1111833
10/17/2022,1128512,9004,374,1,7200,1112308
10/18/2022,1128887,9005,375,1,7099,1112783
10/19/2022,1129262,9006,375,1,6998,1113258
10/20/2022,1129637,9007,375,1,6950,1113680
10/21/2022,1130012,9009,375,2,6901,1114102
10/22/2022,1130387,9011,375,2,6852,1114524
10/23/2022,1130782,9012,395,1,6824,1114946
10/24/2022,1131177,9013,395,1,6795,1115369
10/25/2022,1131572,9014,395,1,6766,1115792
10/26/2022,1131967,9015,395,1,6737,1116215
10/27/2022,1132362,9017,395,2,6769,1116576
10/28/2022,1132758,9019,396,2,6803,1116936
10/29/2022,1133154,9021,396,2,6837,1117296
10/30/2022,1133512,9022,358,1,6834,1117656
10/31/2022,1133870,9023,358,1,6830,1118017
11/1/2022,1134228,9024,358,1,6826,1118378
11/2/2022,1134586,9025,358,1,6821,1118740
11/3/2022,1134944,9027,358,2,6804,1119113
11/4/2022,1135303,9029,359,2,6789,1119485
11/5/2022,1135662,9031,359,2,6773,1119858
11/6/2022,1136063,9032,401,1,6800,1120231
11/7/2022,1136464,9033,401,1,6826,1120605
11/8/2022,1136865,9035,401,2,6851,1120979
11/9/2022,1137266,9037,401,2,6877,1121352
11/10/2022,1137667,9039,401,2,6883,1121745
11/11/2022,1138069,9041,402,2,6890,1122138
11/12/2022,1138471,9043,402,2,6897,1122531
11/13/2022,1138837,9044,366,1,6869,1122924
11/14/2022,1139203,9045,366,1,6840,1123318
11/15/2022,1139570,9046,367,1,6811,1123713
11/16/2022,1139937,9047,367,1,6782,1124108
11/17/2022,1140304,9048,367,1,6791,1124465
11/18/2022,1140671,9049,367,1,6800,1124822
11/19/2022,1141038,9050,367,1,6809,1125179
11/20/2022,1141436,9051,398,1,6849,1125536
11/21/2022,1141834,9052,398,1,6889,1125893
11/22/2022,1142232,9053,398,1,6928,1126251
11/23/2022,1142630,9054,398,1,6967,1126609
11/24/2022,1143028,9055,398,1,6964,1127009
11/25/2022,1143427,9056,399,1,6962,1127409
11/26/2022,1143826,9057,399,1,6960,1127809
11/27/2022,1144387,9057,561,0,7121,1128209
11/28/2022,1144948,9057,561,0,7281,1128610
11/29/2022,1145509,9058,561,1,7439,1129012
11/30/2022,1146070,9059,561,1,7598,1129413
12/1/2022,1146632,9060,562,1,7794,1129778
12/2/2022,1147194,9061,562,1,7990,1130143
12/3/2022,1147756,9062,562,1,8185,1130509
12/4/2022,1148324,9063,568,1,8386,1130875
12/5/2022,1148892,9064,568,1,8587,1131241
12/6/2022,1149460,9065,568,1,8788,1131607
12/7/2022,1150028,9066,568,1,8989,1131973
12/8/2022,1150596,9067,568,1,9159,1132370
12/9/2022,1151164,9068,568,1,9329,1132767
12/10/2022,1151732,9070,568,2,9498,1133164
12/11/2022,1152473,9071,741,1,9842,1133560
12/12/2022,1153214,9072,741,1,10185,1133957
12/13/2022,1153955,9074,741,2,10526,1134355
12/14/2022,1154697,9076,742,2,10869,1134752
12/15/2022,1155439,9078,742,2,11050,1135311
12/16/2022,1156181,9080,742,2,11231,1135870
12/17/2022,1156923,9082,742,2,11412,1136429
12/18/2022,1157659,9083,736,1,11588,1136988
12/19/2022,1158396,9085,737,2,11762,1137549
12/20/2022,1159133,9087,737,2,11937,1138109
12/21/2022,1159870,9089,737,2,12112,1138669
12/22/2022,1160607,9091,737,2,12281,1139235
12/23/2022,1161344,9093,737,2,12450,1139801
12/24/2022,1162081,9095,737,2,12619,1140367
12/25/2022,1162792,9097,711,2,12762,1140933
12/26/2022,1163503,9099,711,2,12905,1141499
12/27/2022,1164214,9102,711,3,13047,1142065
12/28/2022,1164925,9105,711,3,13190,1142630
12/29/2022,1165636,9108,711,3,13160,1143368
12/30/2022,1166347,9111,711,3,13130,1144106
12/31/2022,1167059,9114,712,3,13101,1144844
1/1/2023,1167865,9117,806,3,13165,1145583
1/2/2023,1168672,9119,807,2,13231,1146322
1/3/2023,1169478,9122,806,3,13294,1147062
1/4/2023,1170285,9125,807,3,13359,1147801
1/5/2023,1171091,9128,806,3,13429,1148534
1/6/2023,1171898,9130,807,2,13500,1149268
1/7/2023,1172704,9133,806,3,13568,1150003
1/8/2023,1173383,9136,679,3,13510,1150737
1/9/2023,1174063,9138,680,2,13454,1151471
1/10/2023,1174742,9141,679,3,13395,1152206
1/11/2023,1175421,9144,679,3,13337,1152940
1/12/2023,1176100,9147,679,3,13305,1153648
1/13/2023,1176780,9149,680,2,13275,1154356
1/14/2023,1177459,9152,679,3,13242,1155065
1/15/2023,1177999,9154,540,2,13072,1155773
1/16/2023,1178538,9157,539,3,12899,1156482
1/17/2023,1179078,9159,540,2,12729,1157190
1/18/2023,1179618,9162,540,3,12556,1157900
1/19/2023,1180158,9164,540,2,12291,1158703
1/20/2023,1180697,9167,539,3,12022,1159508
1/21/2023,1181237,9169,540,2,11757,1160311
1/22/2023,1181843,9172,606,3,11555,1161116
1/23/2023,1182448,9176,605,4,11353,1161919
1/24/2023,1183054,9179,606,3,11153,1162722
1/25/2023,1183659,9182,605,3,10952,1163525
1/26/2023,1184265,9185,606,3,10879,1164201
1/27/2023,1184870,9189,605,4,10803,1164878
1/28/2023,1185476,9192,606,3,10731,1165553
1/29/2023,1186086,9194,610,2,10663,1166229
1/30/2023,1186695,9196,609,2,10593,1166906
1/31/2023,1187305,9198,610,2,10523,1167584
2/1/2023,1187914,9200,609,2,10453,1168261
2/2/2023,1188524,9202,610,2,10523,1168799
2/3/2023,1189133,9204,609,2,10593,1169336
2/4/2023,1189743,9206,610,2,10663,1169874
2/5/2023,1190385,9209,642,3,10764,1170412
2/6/2023,1191028,9211,643,2,10868,1170949
2/7/2023,1191670,9214,642,3,10970,1171486
2/8/2023,1192312,9217,642,3,11072,1172023
2/9/2023,1192954,9220,642,3,11108,1172626
2/10/2023,1193597,9222,643,2,11147,1173228
2/11/2023,1194239,9225,642,3,11182,1173832
2/12/2023,1194976,9227,737,2,11315,1174434
2/13/2023,1195712,9230,736,3,11444,1175038
2/14/2023,1196449,9232,737,2,11577,1175640
2/15/2023,1197185,9234,736,2,11707,1176244
2/16/2023,1197922,9236,737,2,11834,1176852
2/17/2023,1198658,9239,736,3,11960,1177459
2/18/2023,1199395,9241,737,2,12088,1178066
2/19/2023,1200194,9243,799,2,12278,1178673
2/20/2023,1200994,9245,800,2,12468,1179281
2/21/2023,1201793,9247,799,2,12658,1179888
2/22/2023,1202592,9250,799,3,12846,1180496
2/23/2023,1203391,9252,799,2,13004,1181135
2/24/2023,1204191,9254,800,2,13161,1181776
2/25/2023,1204990,9256,799,2,13318,1182416
2/26/2023,1205696,9259,706,3,13381,1183056
2/27/2023,1206402,9262,706,3,13445,1183695
2/28/2023,1207108,9265,706,3,13508,1184335
3/1/2023,1207813,9268,705,3,13571,1184974
3/2/2023,1208519,9271,706,3,13540,1185708
3/3/2023,1209225,9274,706,3,13510,1186441
3/4/2023,1209931,9277,706,3,13479,1187175
3/5/2023,1210566,9281,635,4,13377,1187908
3/6/2023,1211201,9284,635,3,13276,1188641
3/7/2023,1211836,9288,635,4,13174,1189374
3/8/2023,1212470,9291,634,3,13072,1190107
3/9/2023,1213105,9295,635,4,12907,1190903
3/10/2023,1213740,9298,635,3,12743,1191699
3/11/2023,1214375,9302,635,4,12578,1192495
3/12/2023,1214890,9305,515,3,12295,1193290
3/13/2023,1215406,9307,516,2,12013,1194086
3/14/2023,1215921,9310,515,3,11727,1194884
3/15/2023,1216437,9312,516,2,11445,1195680
3/16/2023,1216952,9315,515,3,11253,1196384
3/17/2023,1217468,9317,516,2,11064,1197087
3/18/2023,1217983,9320,515,3,10872,1197791
3/19/2023,1218507,9322,524,2,10692,1198493
3/20/2023,1219030,9325,523,3,10508,1199197
3/21/2023,1219554,9327,524,2,10327,1199900
3/22/2023,1220078,9330,524,3,10144,1200604
3/23/2023,1220602,9332,524,2,10034,1201236
3/24/2023,1221125,9335,523,3,9921,1201869
3/25/2023,1221649,9337,524,2,9811,1202501
3/26/2023,1221994,9339,345,2,9522,1203133
3/27/2023,1222339,9341,345,2,9232,1203766
3/28/2023,1222684,9343,345,2,8942,1204399
3/29/2023,1223030,9346,346,3,8652,1205032
3/30/2023,1223375,9348,345,2,8483,1205544
3/31/2023,1223720,9350,345,2,8312,1206058
4/1/2023,1224065,9352,345,2,8142,1206571
4/2/2023,1224227,9354,162,2,7788,1207085
4/3/2023,1224390,9355,163,1,7437,1207598
4/4/2023,1224552,9357,162,2,7082,1208113
4/5/2023,1224714,9358,162,1,6730,1208626
4/6/2023,1224876,9360,162,2,6367,1209149
4/7/2023,1225039,9361,163,1,6008,1209670
4/8/2023,1225201,9363,162,2,5645,1210193
4/9/2023,1225379,9365,178,2,5299,1210715
4/10/2023,1225558,9367,179,2,4954,1211237
4/11/2023,1225736,9369,178,2,4609,1211758
4/12/2023,1225914,9370,178,1,4264,1212280
4/13/2023,1226092,9372,178,2,4096,1212624
4/14/2023,1226271,9374,179,2,3930,1212967
4/15/2023,1226449,9376,178,2,3763,1213310
4/16/2023,1226611,9378,162,2,3579,1213654
4/17/2023,1226773,9379,162,1,3397,1213997
4/18/2023,1226935,9381,162,2,3213,1214341
4/19/2023,1227098,9383,163,2,3031,1214684
4/20/2023,1227260,9385,162,2,3031,1214844
4/21/2023,1227422,9386,162,1,3031,1215005
4/22/2023,1227584,9388,162,2,3030,1215166
4/23/2023,1227718,9390,134,2,3002,1215326
4/24/2023,1227851,9391,133,1,2974,1215486
4/25/2023,1227985,9393,134,2,2944,1215648
4/26/2023,1228119,9394,134,1,2917,1215808
4/27/2023,1228253,9396,134,2,2872,1215985
4/28/2023,1228386,9397,133,1,2827,1216162
4/29/2023,1228520,9399,134,2,2782,1216339
4/30/2023,1228660,9400,140,1,2745,1216515
5/1/2023,1228799,9400,139,0,2707,1216692
5/2/2023,1228939,9401,140,1,2667,1216871
5/3/2023,1229079,9401,140,0,2630,1217048
5/4/2023,1229219,9402,140,1,2607,1217210
5/5/2023,1229358,9402,139,0,2585,1217371
5/6/2023,1229498,9403,140,1,2562,1217533
5/7/2023,1229648,9404,150,1,2549,1217695
5/8/2023,1229798,9405,150,1,2537,1217856
5/9/2023,1229948,9406,150,1,2525,1218017
5/10/2023,1230099,9407,151,1,2514,1218178
5/11/2023,1230249,9408,150,1,2530,1218311
5/12/2023,1230399,9409,150,1,2547,1218443
5/13/2023,1230549,9410,150,1,2563,1218576
5/14/2023,1230693,9410,144,0,2574,1218709
5/15/2023,1230836,9410,143,0,2583,1218843
5/16/2023,1230980,9410,144,0,2594,1218976
5/17/2023,1231124,9411,144,1,2603,1219110
5/18/2023,1231268,9411,144,0,2608,1219249
5/19/2023,1231411,9411,143,0,2612,1219388
5/20/2023,1231555,9411,144,0,2616,1219528
5/21/2023,1231687,9412,132,1,2607,1219668
5/22/2023,1231820,9412,133,0,2601,1219807
5/23/2023,1231952,9413,132,1,2593,1219946
5/24/2023,1232084,9414,132,1,2585,1220085
5/25/2023,1232216,9415,132,1,2567,1220234
5/26/2023,1232349,9415,133,0,2551,1220383
5/27/2023,1232481,9416,132,1,2532,1220533
5/28/2023,1232610,9416,129,0,2511,1220683
5/29/2023,1232739,9417,129,1,2489,1220833
5/30/2023,1232868,9417,129,0,2469,1220982
5/31/2023,1232998,9418,130,1,2448,1221132
6/1/2023,1233127,9418,129,0,2434,1221275
6/2/2023,1233256,9419,129,1,2419,1221418
6/3/2023,1233385,9419,129,0,2405,1221561
6/4/2023,1233495,9419,110,0,2371,1221705
6/5/2023,1233606,9420,111,1,2337,1221849
6/6/2023,1233716,9420,110,0,2305,1221991
6/7/2023,1233826,9420,110,0,2271,1222135
6/8/2023,1233936,9420,110,0,2249,1222267
6/9/2023,1234047,9421,111,1,2226,1222400
6/10/2023,1234157,9421,110,0,2205,1222531
6/11/2023,1234272,9421,115,0,2188,1222663
6/12/2023,1234387,9422,115,1,2170,1222795
6/13/2023,1234502,9422,115,0,2153,1222927
6/14/2023,1234617,9422,115,0,2136,1223059
6/15/2023,1234732,9422,115,0,2122,1223188
6/16/2023,1234847,9423,115,1,2107,1223317
6/17/2023,1234962,9423,115,0,2094,1223445
6/18/2023,1235082,9424,120,1,2083,1223575
6/19/2023,1235201,9425,119,1,2073,1223703
6/20/2023,1235321,9426,120,1,2064,1223831
6/21/2023,1235440,9426,119,0,2055,1223959
6/22/2023,1235560,9427,120,1,2064,1224069
6/23/2023,1235679,9428,119,1,2072,1224179
6/24/2023,1235799,9429,120,1,2082,1224288
6/25/2023,1235915,9430,116,1,2088,1224397
6/26/2023,1236032,9432,117,2,2094,1224506
6/27/2023,1236148,9433,116,1,2100,1224615
6/28/2023,1236265,9435,117,2,2106,1224724
6/29/2023,1236381,9436,116,1,2108,1224837
6/30/2023,1236498,9438,117,2,2109,1224951
7/1/2023,1236614,9439,116,1,2111,1225064
7/2/2023,1236704,9440,90,1,2086,1225178
7/3/2023,1236795,9442,91,2,2061,1225292
7/4/2023,1236885,9443,90,1,2037,1225405
7/5/2023,1236975,9444,90,1,2012,1225519
7/6/2023,1237065,9445,90,1,1982,1225638
7/7/2023,1237156,9447,91,2,1953,1225756
7/8/2023,1237246,9448,90,1,1924,1225874
7/9/2023,1237293,9449,47,1,1852,1225992
7/10/2023,1237340,9450,47,1,1779,1226111
7/11/2023,1237387,9451,47,1,1707,1226229
7/12/2023,1237434,9451,47,0,1635,1226348
7/13/2023,1237481,9452,47,1,1565,1226464
7/14/2023,1237528,9453,47,1,1495,1226580
7/15/2023,1237575,9454,47,1,1426,1226695
7/16/2023,1237619,9456,44,2,1352,1226811
7/17/2023,1237664,9457,45,1,1282,1226925
7/18/2023,1237708,9459,44,2,1208,1227041
7/19/2023,1237753,9460,45,1,1138,1227155
7/20/2023,1237797,9462,44,2,1091,1227244
7/21/2023,1237842,9463,45,1,1046,1227333
7/22/2023,1237886,9465,44,2,999,1227422
7/23/2023,1237922,9465,36,0,947,1227510
7/24/2023,1237958,9466,36,1,892,1227600
7/25/2023,1237994,9466,36,0,838,1227690
7/26/2023,1238031,9466,37,0,785,1227780
7/27/2023,1238067,9466,36,0,774,1227827
7/28/2023,1238103,9467,36,1,762,1227874
7/29/2023,1238139,9467,36,0,752,1227920
7/30/2023,1238171,9468,32,1,736,1227967
7/31/2023,1238204,9468,33,0,723,1228013
8/1/2023,1238236,9469,32,1,707,1228060
8/2/2023,1238269,9469,33,0,694,1228106
8/3/2023,1238301,9470,32,1,681,1228150
8/4/2023,1238334,9470,33,0,670,1228194
8/5/2023,1238366,9471,32,1,657,1228238
8/6/2023,1238400,9472,34,1,646,1228282
8/7/2023,1238435,9472,35,0,638,1228325
8/8/2023,1238469,9473,34,1,626,1228370
8/9/2023,1238503,9474,34,1,616,1228413
8/10/2023,1238537,9475,34,1,614,1228448
8/11/2023,1238572,9475,35,0,614,1228483
8/12/2023,1238606,9476,34,1,611,1228519
8/13/2023,1238640,9477,34,1,608,1228555
8/14/2023,1238673,9479,33,2,604,1228590
8/15/2023,1238707,9480,34,1,603,1228624
8/16/2023,1238741,9481,34,1,601,1228659
8/17/2023,1238775,9482,34,1,603,1228690
8/18/2023,1238808,9484,33,2,602,1228722
8/19/2023,1238842,9485,34,1,605,1228752
8/20/2023,1238876,9485,34,0,607,1228784
8/21/2023,1238909,9486,33,1,607,1228816
8/22/2023,1238943,9486,34,0,609,1228848
8/23/2023,1238976,9486,33,0,610,1228880
8/24/2023,1239010,9486,34,0,610,1228914
8/25/2023,1239043,9487,33,1,607,1228949
8/26/2023,1239077,9487,34,0,608,1228982
8/27/2023,1239103,9487,26,0,600,1229016
8/28/2023,1239129,9488,26,1,591,1229050
8/29/2023,1239155,9488,26,0,583,1229084
8/30/2023,1239182,9488,27,0,576,1229118
8/31/2023,1239208,9488,26,0,568,1229152
9/1/2023,1239234,9489,26,1,560,1229185
9/2/2023,1239260,9489,26,0,553,1229218
9/3/2023,1239289,9490,29,1,547,1229252
9/4/2023,1239318,9492,29,2,541,1229285
9/5/2023,1239347,9493,29,1,538,1229316
9/6/2023,1239377,9494,30,1,534,1229349
9/7/2023,1239406,9495,29,1,529,1229382
9/8/2023,1239435,9497,29,2,524,1229414
9/9/2023,1239464,9498,29,1,520,1229446
9/10/2023,1239485,9499,21,1,508,1229478
9/11/2023,1239506,9500,21,1,495,1229511
9/12/2023,1239527,9501,21,1,483,1229543
9/13/2023,1239549,9501,22,0,472,1229576
9/14/2023,1239570,9502,21,1,466,1229602
9/15/2023,1239591,9503,21,1,461,1229627
9/16/2023,1239612,9504,21,1,456,1229652
9/17/2023,1239640,9504,28,0,458,1229678
9/18/2023,1239668,9505,28,1,459,1229704
9/19/2023,1239696,9505,28,0,462,1229729
9/20/2023,1239723,9506,27,1,462,1229755
9/21/2023,1239751,9506,28,0,462,1229783
9/22/2023,1239779,9507,28,1,460,1229812
9/23/2023,1239807,9507,28,0,460,1229840
9/24/2023,1239832,9507,25,0,455,1229870
9/25/2023,1239856,9508,24,1,449,1229899
9/26/2023,1239881,9508,25,0,446,1229927
9/27/2023,1239906,9509,25,1,441,1229956
9/28/2023,1239931,9509,25,0,446,1229976
9/29/2023,1239955,9510,24,1,448,1229997
9/30/2023,1239980,9510,25,0,453,1230017
10/1/2023,1240001,9511,21,1,451,1230039
10/2/2023,1240023,9512,22,1,452,1230059
10/3/2023,1240044,9513,21,1,452,1230079
10/4/2023,1240065,9514,21,1,452,1230099
10/5/2023,1240086,9515,21,1,445,1230126
10/6/2023,1240108,9516,22,1,439,1230153
10/7/2023,1240129,9517,21,1,432,1230180
10/8/2023,1240141,9518,12,1,417,1230206
10/9/2023,1240154,9518,13,0,403,1230233
10/10/2023,1240166,9519,12,1,386,1230261
10/11/2023,1240179,9519,13,0,372,1230288
10/12/2023,1240191,9520,12,1,358,1230313
10/13/2023,1240204,9520,13,0,348,1230336
10/14/2023,1240216,9521,12,1,334,1230361
10/15/2023,1240234,9521,18,0,328,1230385
10/16/2023,1240252,9521,18,0,321,1230410
10/17/2023,1240270,9521,18,0,315,1230434
10/18/2023,1240289,9522,19,1,308,1230459
10/19/2023,1240307,9522,18,0,306,1230479
10/20/2023,1240325,9522,18,0,302,1230501
10/21/2023,1240343,9522,18,0,299,1230522
10/22/2023,1240361,9522,18,0,296,1230543
10/23/2023,1240379,9523,18,1,292,1230564
10/24/2023,1240397,9523,18,0,289,1230585
10/25/2023,1240416,9524,19,1,286,1230606
10/26/2023,1240434,9524,18,0,293,1230617
10/27/2023,1240452,9525,18,1,297,1230630
10/28/2023,1240470,9525,18,0,304,1230641
10/29/2023,1240488,9525,18,0,309,1230654
10/30/2023,1240505,9526,17,1,313,1230666
10/31/2023,1240523,9526,18,0,319,1230678
11/1/2023,1240541,9526,18,0,325,1230690
11/2/2023,1240559,9526,18,0,325,1230708
11/3/2023,1240576,9527,17,1,323,1230726
11/4/2023,1240594,9527,18,0,324,1230743
11/5/2023,1240613,9527,19,0,324,1230762
11/6/2023,1240631,9528,18,1,323,1230780
11/7/2023,1240650,9528,19,0,325,1230797
11/8/2023,1240669,9529,19,1,325,1230815
11/9/2023,1240688,9529,19,0,327,1230832
11/10/2023,1240706,9530,18,1,326,1230850
11/11/2023,1240725,9530,19,0,328,1230867
11/12/2023,1240746,9531,21,1,329,1230886
11/13/2023,1240768,9531,22,0,334,1230903
11/14/2023,1240789,9532,21,1,336,1230921
11/15/2023,1240811,9532,22,0,341,1230938
11/16/2023,1240832,9533,21,1,343,1230956
11/17/2023,1240854,9533,22,0,349,1230972
11/18/2023,1240875,9534,21,1,351,1230990
11/19/2023,1240895,9534,20,0,354,1231007
11/20/2023,1240914,9535,19,1,354,1231025
11/21/2023,1240934,9535,20,0,358,1231041
11/22/2023,1240954,9535,20,0,360,1231059
11/23/2023,1240974,9535,20,0,361,1231078
11/24/2023,1240993,9536,19,1,361,1231096
11/25/2023,1241013,9536,20,0,363,1231114
11/26/2023,1241034,9536,21,0,365,1231133
11/27/2023,1241056,9536,22,0,368,1231152
11/28/2023,1241077,9536,21,0,371,1231170
11/29/2023,1241099,9536,22,0,374,1231189
11/30/2023,1241120,9536,21,0,374,1231210
12/1/2023,1241142,9536,22,0,374,1231232
12/2/2023,1241163,9536,21,0,374,1231253
12/3/2023,1241189,9537,26,1,377,1231275
12/4/2023,1241216,9537,27,0,384,1231295
12/5/2023,1241242,9538,26,1,387,1231317
12/6/2023,1241269,9538,27,0,394,1231337
12/7/2023,1241295,9539,26,1,399,1231357
12/8/2023,1241322,9539,27,0,408,1231375
12/9/2023,1241348,9540,26,1,413,1231395
12/10/2023,1241375,9540,27,0,421,1231414
12/11/2023,1241403,9541,28,1,428,1231434
12/12/2023,1241430,9541,27,0,437,1231452
12/13/2023,1241457,9542,27,1,443,1231472
12/14/2023,1241484,9542,27,0,450,1231492
12/15/2023,1241512,9543,28,1,455,1231514
12/16/2023,1241539,9543,27,0,462,1231534
12/17/2023,1241539,9544,0,1,439,1231556
12/18/2023,1241539,9544,0,0,419,1231576
12/19/2023,1241539,9545,0,1,396,1231598
12/20/2023,1241539,9545,0,0,376,1231618
12/21/2023,1241539,9546,0,1,349,1231644
12/22/2023,1241539,9546,0,0,323,1231670
12/23/2023,1241539,9547,0,1,296,1231696
12/24/2023,1241539,9548,0,1,269,1231722
12/25/2023,1241539,9549,0,1,243,1231747
12/26/2023,1241539,9550,0,1,216,1231773
12/27/2023,1241539,9551,0,1,190,1231798
12/28/2023,1241539,9552,0,1,163,1231824
12/29/2023,1241539,9553,0,1,135,1231851
12/30/2023,1241539,9554,0,1,108,1231877
12/31/2023,1241583,9555,44,1,125,1231903
1/1/2024,1241627,9556,44,1,142,1231929
1/2/2024,1241671,9557,44,1,158,1231956
1/3/2024,1241715,9558,44,1,175,1231982
1/4/2024,1241759,9559,44,1,219,1231981
1/5/2024,1241803,9560,44,1,263,1231980
1/6/2024,1241847,9561,44,1,307,1231979
1/7/2024,1241897,9562,50,1,357,1231978
1/8/2024,1241948,9563,51,1,408,1231977
1/9/2024,1241998,9564,50,1,458,1231976
1/10/2024,1242048,9565,50,1,508,1231975
1/11/2024,1242098,9566,50,1,558,1231974
1/12/2024,1242149,9567,51,1,609,1231973
1/13/2024,1242199,9568,50,1,659,1231972
1/14/2024,1242274,9570,75,2,733,1231971
1/15/2024,1242349,9572,75,2,808,1231969
1/16/2024,1242424,9574,75,2,883,1231967
1/17/2024,1242498,9576,74,2,957,1231965
1/18/2024,1242573,9578,75,2,988,1232007
1/19/2024,1242648,9580,75,2,1019,1232049
1/20/2024,1242723,9582,75,2,1050,1232091
1/21/2024,1242794,9583,71,1,1078,1232133
1/22/2024,1242865,9583,71,0,1106,1232176
1/23/2024,1242936,9584,71,1,1132,1232220
1/24/2024,1243008,9584,72,0,1161,1232263
1/25/2024,1243079,9585,71,1,1181,1232313
1/26/2024,1243150,9585,71,0,1202,1232363
1/27/2024,1243221,9586,71,1,1222,1232413
1/28/2024,1243271,9587,50,1,1222,1232462
1/29/2024,1243322,9589,51,2,1222,1232511
1/30/2024,1243372,9590,50,1,1222,1232560
1/31/2024,1243422,9592,50,2,1221,1232609
2/1/2024,1243472,9593,50,1,1197,1232682
2/2/2024,1243523,9595,51,2,1172,1232756
2/3/2024,1243573,9596,50,1,1148,1232829
2/4/2024,1243618,9597,45,1,1119,1232902
2/5/2024,1243663,9598,45,1,1089,1232976
2/6/2024,1243708,9599,45,1,1059,1233050
2/7/2024,1243754,9601,46,2,1029,1233124
2/8/2024,1243799,9602,45,1,1004,1233193
2/9/2024,1243844,9603,45,1,978,1233263
2/10/2024,1243889,9604,45,1,952,1233333
2/11/2024,1243919,9605,30,1,910,1233404
2/12/2024,1243948,9607,29,2,867,1233474
2/13/2024,1243978,9608,30,1,827,1233543
2/14/2024,1244008,9609,30,1,786,1233613
2/15/2024,1244038,9610,30,1,766,1233662
2/16/2024,1244067,9612,29,2,743,1233712
2/17/2024,1244097,9613,30,1,724,1233760
2/18/2024,1244120,9614,23,1,697,1233809
2/19/2024,1244142,9614,22,0,670,1233858
2/20/2024,1244165,9615,23,1,641,1233909
2/21/2024,1244187,9615,22,0,614,1233958
2/22/2024,1244210,9616,23,1,591,1234003
2/23/2024,1244232,9616,22,0,569,1234047
2/24/2024,1244255,9617,23,1,546,1234092
2/25/2024,1244267,9617,12,0,513,1234137
2/26/2024,1244278,9618,11,1,478,1234182
2/27/2024,1244290,9618,12,0,446,1234226
2/28/2024,1244302,9619,12,1,412,1234271
2/29/2024,1244314,9619,12,0,395,1234300
3/1/2024,1244325,9620,11,1,376,1234329
3/2/2024,1244337,9620,12,0,359,1234358
3/3/2024,1244349,9621,12,1,340,1234388
3/4/2024,1244361,9621,12,0,323,1234417
3/5/2024,1244373,9622,12,1,305,1234446
3/6/2024,1244386,9622,13,0,289,1234475
3/7/2024,1244398,9623,12,1,277,1234498
3/8/2024,1244410,9623,12,0,268,1234519
3/9/2024,1244422,9624,12,1,256,1234542
