Date,Total cases,Total deaths,Daily cases,Daily deaths,Currently Infected,Total recovered
15/2/2020,53,1,,,52,0
16/2/2020,59,1,6,0,58,0
17/2/2020,66,1,7,0,47,18
18/2/2020,74,1,8,0,53,20
19/2/2020,84,1,10,0,63,20
20/2/2020,94,1,10,0,73,20
21/2/2020,109,1,15,0,86,22
22/2/2020,134,1,25,0,111,22
23/2/2020,146,1,12,0,122,23
24/2/2020,159,1,13,0,135,23
25/2/2020,161,1,2,0,137,23
26/2/2020,172,3,11,2,146,23
27/2/2020,214,4,42,1,178,32
28/2/2020,233,5,19,1,196,32
29/2/2020,241,5,8,0,204,32
1/3/2020,256,6,15,1,208,42
2/3/2020,274,6,18,0,226,42
3/3/2020,293,6,19,0,244,43
4/3/2020,331,6,38,0,282,43
5/3/2020,364,6,33,0,315,43
6/3/2020,420,6,56,0,365,49
7/3/2020,461,6,41,0,379,76
8/3/2020,502,7,41,1,419,76
9/3/2020,530,9,28,2,437,84
10/3/2020,587,12,57,3,473,102
11/3/2020,639,15,52,3,506,118
12/3/2020,691,19,52,4,554,118
13/3/2020,734,21,43,2,595,118
14/3/2020,804,22,70,1,638,144
15/3/2020,833,24,29,2,665,144
16/3/2020,850,28,17,4,678,144
17/3/2020,878,29,28,1,705,144
18/3/2020,914,29,36,0,694,191
19/3/2020,943,33,29,4,719,191
20/3/2020,1007,35,64,2,757,215
21/3/2020,1054,36,47,1,803,215
22/3/2020,1101,41,47,5,825,235
23/3/2020,1128,42,27,1,851,235
24/3/2020,1193,43,65,1,865,285
25/3/2020,1307,45,114,2,952,310
26/3/2020,1387,47,80,2,981,359
27/3/2020,1499,49,112,2,1078,372
28/3/2020,1693,52,194,3,1237,404
29/3/2020,1866,54,173,2,1388,424
30/3/2020,1953,56,87,2,1473,424
31/3/2020,2179,57,226,1,1698,424
1/4/2020,2385,57,206,0,1856,472
2/4/2020,2619,63,234,6,2084,472
3/4/2020,2938,69,319,6,2355,514
4/4/2020,3142,77,204,8,2551,514
5/4/2020,3658,85,516,8,2998,575
6/4/2020,3911,92,253,7,3227,592
7/4/2020,4263,93,352,1,3548,622
8/4/2020,4674,94,411,1,3948,632
9/4/2020,5356,99,682,5,4572,685
10/4/2020,6016,99,660,0,5232,685
11/4/2020,6761,108,745,9,5891,762
12/4/2020,7385,123,624,15,6478,784
13/4/2020,7634,143,249,20,6692,799
14/4/2020,7902,146,268,3,6903,853
15/4/2020,8645,178,743,32,7566,901
16/4/2020,9251,190,606,12,8126,935
17/4/2020,9808,190,557,0,8683,935
18/4/2020,10318,222,510,32,9027,1069
19/4/2020,10820,236,502,14,9425,1159
20/4/2020,11159,263,339,27,9657,1239
21/4/2020,11537,281,378,18,9900,1356
22/4/2020,11976,299,439,18,10253,1424
23/4/2020,12395,328,419,29,10573,1494
24/4/2020,12740,345,345,17,10865,1530
25/4/2020,13260,360,520,15,11244,1656
26/4/2020,13479,372,219,12,11298,1809
27/4/2020,13644,385,165,13,11360,1899
28/4/2020,13766,394,122,9,11473,1899
29/4/2020,13925,413,159,19,11143,2369
30/4/2020,14118,430,193,17,11227,2461
1/5/2020,14336,455,218,25,10904,2977
2/5/2020,14603,474,267,19,10921,3208
3/5/2020,14910,487,307,13,10437,3986
4/5/2020,15111,536,201,49,10414,4161
5/5/2020,15286,556,175,20,10228,4502
6/5/2020,15286,556,0,0,10228,4502
7/5/2020,15511,577,225,21,10009,4925
8/5/2020,15609,590,98,13,9865,5154
9/5/2020,15697,607,88,17,9174,5916
10/5/2020,15811,624,114,17,7045,8142
11/5/2020,15881,633,70,9,6940,8308
12/5/2020,16002,657,121,24,6798,8547
13/5/2020,16083,678,81,21,6468,8937
14/5/2020,16154,697,71,19,5570,9887
15/5/2020,16237,713,83,16,5166,10358
16/5/2020,16271,725,34,12,5188,10358
17/5/2020,16319,744,48,19,4400,11175
18/5/2020,16339,749,20,5,4003,11587
19/5/2020,16401,768,62,19,4046,11587
20/5/2020,16419,771,18,3,3337,12311
21/5/2020,16458,777,39,6,2983,12698
22/5/2020,16547,796,89,19,2719,13032
23/5/2020,16570,808,23,12,2490,13272
24/5/2020,16584,820,14,12,2323,13441
25/5/2020,16615,830,31,10,2145,13640
26/5/2020,16657,846,42,16,1973,13838
27/5/2020,16685,858,28,12,1826,14001
28/5/2020,16717,867,32,9,1675,14175
29/5/2020,16753,874,36,7,1597,14282
30/5/2020,16838,886,85,12,1518,14434
31/5/2020,16885,891,47,5,1507,14487
1/6/2020,16918,892,33,1,1496,14530
2/6/2020,16964,894,46,2,1392,14678
3/6/2020,17020,900,56,6,1321,14799
4/6/2020,17052,903,32,3,1254,14895
5/6/2020,17098,907,46,4,1191,15000
6/6/2020,17137,914,39,7,1116,15107
7/6/2020,17175,916,38,2,1092,15167
8/6/2020,17208,916,33,0,1116,15176
9/6/2020,17244,916,36,0,1087,15241
10/6/2020,17285,919,41,3,1040,15326
11/6/2020,17326,920,41,1,995,15411
12/6/2020,17366,922,40,2,923,15521
13/6/2020,17416,924,50,2,884,15608
14/6/2020,17463,925,47,1,867,15671
15/6/2020,17536,925,73,0,897,15714
16/6/2020,17621,927,85,2,965,15729
17/6/2020,17662,931,41,4,853,15878
18/6/2020,17702,935,40,4,809,15958
19/6/2020,17774,935,72,0,803,16036
20/6/2020,17833,952,59,17,776,16105
21/6/2020,17898,953,65,1,809,16136
22/6/2020,17950,953,52,0,836,16161
23/6/2020,18002,955,52,2,807,16240
24/6/2020,18058,963,56,8,804,16291
25/6/2020,18144,968,86,5,828,16348
26/6/2020,18231,969,87,1,842,16420
27/6/2020,18331,971,100,2,880,16480
28/6/2020,18424,971,93,0,920,16533
29/6/2020,18510,972,86,1,953,16585
30/6/2020,18627,972,117,0,996,16659
1/7/2020,18757,974,130,2,1024,16759
2/7/2020,18908,975,151,1,1133,16800
3/7/2020,19102,976,194,1,1232,16894
4/7/2020,19317,977,215,1,1353,16987
5/7/2020,19558,977,241,0,1503,17078
6/7/2020,19812,977,254,0,1683,17152
7/7/2020,20018,978,206,1,1815,17225
8/7/2020,20211,980,193,2,1872,17359
9/7/2020,20408,981,197,1,1933,17494
10/7/2020,20757,982,349,1,2095,17680
11/7/2020,21168,982,411,0,2309,17877
12/7/2020,21542,982,374,0,2529,18031
13/7/2020,21909,982,367,0,2796,18131
14/7/2020,22262,982,353,0,2970,18310
15/7/2020,22551,984,289,2,2993,18574
16/7/2020,22934,985,383,1,3105,18844
17/7/2020,23518,985,584,0,3406,19127
18/7/2020,24179,985,661,0,3796,19398
19/7/2020,24690,985,511,0,4096,19609
20/7/2020,25145,985,455,0,4370,19790
21/7/2020,25787,988,642,3,4610,20189
22/7/2020,26355,989,568,1,4680,20686
23/7/2020,27083,990,728,1,5022,21071
24/7/2020,28012,992,929,2,5655,21365
25/7/2020,28844,993,832,1,6246,21605
26/7/2020,29441,996,597,3,6645,21800
27/7/2020,30049,996,608,0,6898,22155
28/7/2020,31023,998,974,2,7173,22852
29/7/2020,31965,1001,942,3,7414,23550
30/7/2020,33116,1004,1151,3,7888,24224
31/7/2020,34442,1006,1326,2,8460,24976
1/8/2020,35910,1011,1468,5,9345,25554
2/8/2020,36765,1011,855,0,9799,25955
3/8/2020,38768,1012,2003,1,11219,26537
4/8/2020,39942,1016,1174,4,11677,27249
5/8/2020,41216,1022,1274,6,12112,28082
6/8/2020,42353,1026,1137,4,12394,28933
7/8/2020,43909,1033,1556,7,12664,30212
8/8/2020,45537,1039,1628,6,13129,31369
9/8/2020,46884,1040,1347,1,13468,32376
10/8/2020,48094,1047,1210,7,13923,33124
11/8/2020,49034,1052,940,5,13939,34043
12/8/2020,50319,1059,1285,7,14302,34958
13/8/2020,51258,1063,939,4,13988,36207
14/8/2020,52331,1073,1073,10,13703,37555
15/8/2020,53694,1085,1363,12,13584,39025
16/8/2020,54834,1088,1140,3,13583,40163
17/8/2020,55789,1099,955,11,13408,41282
18/8/2020,56809,1115,1020,16,13321,42373
19/8/2020,57676,1128,867,13,12620,43928
20/8/2020,58629,1144,953,16,12122,45363
21/8/2020,59852,1155,1223,11,12130,46567
22/8/2020,60866,1169,1014,14,11972,47725
23/8/2020,61882,1176,1016,7,12051,48655
24/8/2020,62644,1181,762,5,12016,49447
25/8/2020,63259,1196,615,15,11522,50541
26/8/2020,63962,1209,703,13,10952,51801
27/8/2020,64810,1226,848,17,10645,52939
28/8/2020,65717,1238,907,12,10365,54114
29/8/2020,66569,1255,852,17,9851,55463
30/8/2020,67412,1264,843,9,9860,56288
31/8/2020,68014,1279,602,15,9807,56928
1/9/2020,68542,1296,528,17,9295,57951
2/9/2020,69152,1307,610,11,9288,58557
3/9/2020,69751,1319,599,12,8776,59656
4/9/2020,70422,1330,671,11,8541,60551
5/9/2020,71031,1349,609,19,8100,61582
6/9/2020,71575,1357,544,8,8003,62215
7/9/2020,72013,1363,438,6,7974,62676
8/9/2020,72392,1377,379,14,7591,63424
9/9/2020,72885,1393,493,16,7248,64244
10/9/2020,73381,1406,496,13,6994,64981
11/9/2020,74063,1412,682,6,6913,65738
12/9/2020,74708,1423,645,11,6855,66430
13/9/2020,75384,1439,676,16,6894,67051
14/9/2020,75824,1442,440,3,6987,67395
15/9/2020,76126,1451,302,9,6690,67985
16/9/2020,76617,1461,491,10,6468,68688
17/9/2020,77179,1473,562,12,6295,69411
18/9/2020,77665,1482,486,9,6124,70059
19/9/2020,78245,1495,580,13,6094,70656
20/9/2020,78830,1500,585,5,6138,71192
21/9/2020,79314,1500,484,0,6247,71567
22/9/2020,79613,1508,299,8,6293,71812
23/9/2020,79944,1512,331,4,6286,72146
24/9/2020,80218,1520,274,8,5994,72704
25/9/2020,80675,1532,457,12,5485,73658
26/9/2020,81234,1540,559,8,5373,74321
27/9/2020,81871,1545,637,5,5548,74778
28/9/2020,82313,1548,442,3,5603,75162
29/9/2020,82677,1557,364,9,5488,75632
30/9/2020,83194,1564,517,7,5431,76199
1/10/2020,83748,1571,554,7,5412,76765
2/10/2020,84402,1578,654,7,5428,77396
3/10/2020,84956,1590,554,12,5381,77985
4/10/2020,85528,1597,572,7,5437,78494
5/10/2020,85929,1599,401,2,5541,78789
6/10/2020,86238,1602,309,3,5384,79252
7/10/2020,86735,1605,497,3,5272,79858
8/10/2020,87213,1613,478,8,5190,80410
9/10/2020,87833,1616,620,3,5300,80917
10/10/2020,88428,1624,595,8,5262,81542
11/10/2020,89109,1627,681,3,5471,82011
12/10/2020,89545,1629,436,2,5615,82301
13/10/2020,89872,1634,327,5,5428,82810
14/10/2020,90340,1638,468,4,5354,83348
15/10/2020,90911,1646,571,8,5236,84029
16/10/2020,91634,1650,723,4,5339,84645
17/10/2020,92268,1661,634,11,5382,85225
18/10/2020,92862,1670,594,9,5511,85681
19/10/2020,93334,1674,472,4,5522,86138
20/10/2020,93688,1676,354,2,5301,86711
21/10/2020,94142,1679,454,3,5157,87306
22/10/2020,94734,1685,592,6,5183,87866
23/10/2020,95349,1694,615,9,5209,88446
24/10/2020,96048,1706,699,12,5353,88989
25/10/2020,96749,1711,701,5,5553,89485
26/10/2020,97290,1718,541,7,5659,89913
27/10/2020,97715,1725,425,7,5637,90353
28/10/2020,98334,1730,619,5,5590,91014
29/10/2020,99072,1733,738,3,5809,91530
30/10/2020,99844,1744,772,11,6001,92099
31/10/2020,100616,1755,772,11,6176,92685
1/11/2020,101372,1766,756,11,6435,93171
2/11/2020,102041,1774,669,8,6672,93595
3/11/2020,102510,1780,469,6,6662,94068
4/11/2020,103130,1786,620,6,6835,94509
5/11/2020,104070,1794,940,8,6947,95329
6/11/2020,105016,1806,946,12,7236,95974
7/11/2020,106151,1809,1135,3,7661,96681
8/11/2020,107326,1812,1175,3,8095,97419
9/11/2020,108326,1818,1000,6,8631,97877
10/11/2020,109227,1829,901,11,8899,98499
11/11/2020,110403,1841,1176,12,9227,99335
12/11/2020,111962,1851,1559,10,9877,100234
13/11/2020,113553,1867,1591,16,10437,101249
14/11/2020,115242,1880,1689,13,11140,102222
15/11/2020,116940,1883,1698,3,11985,103072
16/11/2020,118403,1885,1463,2,12607,103911
17/11/2020,119596,1903,1193,18,12817,104876
18/11/2020,121089,1913,1493,10,13237,105939
19/11/2020,123245,1922,2156,9,14124,107199
20/11/2020,125552,1943,2307,21,14937,108672
21/11/2020,127956,1963,2404,20,15848,110145
22/11/2020,130476,1974,2520,11,17083,111419
23/11/2020,132660,1981,2184,7,18151,112528
24/11/2020,134235,1989,1575,8,18644,113602
25/11/2020,135710,2001,1475,12,18719,114990
26/11/2020,137575,2022,1865,21,18906,116647
27/11/2020,139810,2051,2235,29,19351,118408
28/11/2020,142393,2074,2583,23,19782,120537
29/11/2020,144984,2106,2591,32,20705,122173
30/11/2020,147096,2119,2112,13,21246,123731
1/12/2020,149035,2139,1939,20,21135,125761
2/12/2020,150731,2172,1696,33,20960,127599
3/12/2020,153178,2213,2447,41,21424,129541
4/12/2020,155589,2240,2411,27,21868,131481
5/12/2020,158037,2283,2448,43,22000,133754
6/12/2020,160467,2315,2430,32,22560,135592
7/12/2020,162441,2335,1974,20,22884,137222
8/12/2020,164308,2382,1867,47,22608,139318
9/12/2020,166224,2420,1916,38,22854,140950
10/12/2020,168964,2465,2740,45,23159,143340
11/12/2020,171940,2502,2976,37,24085,145353
12/12/2020,174704,2534,2764,32,24301,147869
13/12/2020,177699,2562,2995,28,25502,149635
14/12/2020,180071,2585,2372,23,26186,151300
15/12/2020,182293,2643,2222,58,25772,153878
16/12/2020,184470,2688,2177,45,25871,155911
17/12/2020,187538,2739,3068,51,26141,158658
18/12/2020,190580,2783,3042,44,26634,161163
19/12/2020,193480,2828,2900,45,26961,163691
20/12/2020,196336,2873,2856,45,27742,165721
21/12/2020,198985,2900,2649,27,28179,167906
22/12/2020,201125,2944,2140,44,28442,169739
23/12/2020,203586,2994,2461,50,28073,172519
24/12/2020,206619,3050,3033,56,28279,175290
25/12/2020,210469,3105,3850,55,29153,178211
26/12/2020,214045,3155,3576,50,30278,180612
27/12/2020,217819,3213,3774,58,31580,183026
28/12/2020,220750,3252,2931,39,32401,185097
29/12/2020,223641,3306,2891,54,32948,187387
30/12/2020,227125,3349,3484,43,33863,189913
31/12/2020,230842,3414,3717,65,35525,191903
1/1/2021,234943,3460,4101,46,37311,194172
2/1/2021,238569,3514,3626,54,38170,196885
3/1/2021,241518,3548,2949,34,39014,198956
4/1/2021,244418,3599,2900,51,39668,201151
5/1/2021,248541,3655,4123,56,40983,203903
6/1/2021,252909,3719,4368,64,41660,207530
7/1/2021,259000,3791,6091,72,44259,210950
8/1/2021,265923,3857,6923,66,47822,214244
9/1/2021,273797,3932,7874,75,51980,217885
10/1/2021,281436,3996,7639,64,56380,221060
11/1/2021,287427,4044,5991,48,59890,223493
12/1/2021,292900,4094,5473,50,62874,225932
13/1/2021,298015,4145,5115,51,64252,229618
14/1/2021,303336,4233,5321,88,64882,234221
15/1/2021,309943,4315,6607,82,66593,239035
16/1/2021,316655,4380,6712,65,67721,244554
17/1/2021,323056,4446,6401,66,69530,249080
18/1/2021,329068,4501,6012,55,71177,253390
19/1/2021,335117,4548,6049,47,72235,258334
20/1/2021,340576,4647,5459,99,70309,265620
21/1/2021,346036,4743,5460,96,67453,273840
22/1/2021,351849,4830,5813,87,67137,279882
23/1/2021,356915,4935,5066,105,65775,286205
24/1/2021,361513,5019,4598,84,65257,291237
25/1/2021,365675,5084,4162,65,64458,296133
26/1/2021,369013,5158,3338,74,61593,302262
27/1/2021,372559,5252,3546,94,58405,308902
28/1/2021,376495,5361,3936,109,55947,315187
29/1/2021,380413,5452,3918,91,53946,321015
30/1/2021,383989,5546,3576,94,52071,326372
31/1/2021,387657,5654,3668,108,50746,331257
1/2/2021,390440,5722,2783,68,49792,334926
2/2/2021,392553,5794,2113,72,46568,340191
3/2/2021,394768,5912,2215,118,43893,344963
4/2/2021,397367,6020,2599,108,41176,350171
5/2/2021,399992,6135,2625,115,38532,355325
6/2/2021,402305,6243,2313,108,36327,359735
7/2/2021,404390,6338,2085,95,34950,363102
8/2/2021,405949,6395,1559,57,33438,366116
9/2/2021,407729,6476,1780,81,31553,369700
10/2/2021,409152,6557,1423,81,29164,373431
11/2/2021,410982,6678,1830,121,27947,376357
12/2/2021,412725,6774,1743,96,27018,378933
13/2/2021,414131,6849,1406,75,25798,381484
14/2/2021,415452,6912,1321,63,24733,383807
15/2/2021,416765,6952,1313,40,23790,386023
16/2/2021,418753,7015,1988,63,23066,388672
17/2/2021,420006,7102,1253,87,20756,392148
18/2/2021,421402,7196,1396,94,19766,394440
19/2/2021,422965,7274,1563,78,19248,396443
20/2/2021,424312,7333,1347,59,18731,398248
21/2/2021,425511,7417,1199,84,18214,399880
22/2/2021,426604,7474,1093,57,17918,401212
23/2/2021,427465,7529,861,55,17161,402775
24/2/2021,428478,7584,1013,55,16543,404351
25/2/2021,429567,7647,1089,63,15688,406232
26/2/2021,430488,7722,921,75,15204,407562
27/2/2021,431558,7807,1070,85,14749,409002
28/2/2021,432762,7860,1204,53,14598,410304
1/3/2021,433797,7887,1035,27,14318,411592
2/3/2021,434530,7933,733,46,13490,413107
3/3/2021,435384,7984,854,51,13071,414329
4/3/2021,436579,8052,1195,68,12754,415773
5/3/2021,437762,8119,1183,67,12617,417026
6/3/2021,438929,8178,1167,59,12454,418297
7/3/2021,439996,8227,1067,49,12501,419268
8/3/2021,441035,8253,1039,26,12544,420238
9/3/2021,441716,8299,681,46,12145,421272
10/3/2021,442777,8353,1061,54,11988,422436
11/3/2021,444052,8402,1275,49,12090,423560
12/3/2021,445343,8451,1291,49,12252,424640
13/3/2021,446642,8509,1299,58,12424,425709
14/3/2021,447933,8560,1291,51,12684,426689
15/3/2021,448968,8590,1035,30,12663,427715
16/3/2021,449752,8622,784,32,12517,428613
17/3/2021,450779,8678,1027,56,12284,429817
18/3/2021,452256,8717,1477,39,12604,430935
19/3/2021,453776,8758,1520,41,13051,431967
20/3/2021,455236,8790,1460,32,13275,433171
21/3/2021,456720,8812,1484,22,13714,434194
22/3/2021,457866,8835,1146,23,13709,435322
23/3/2021,458841,8861,975,26,13568,436412
24/3/2021,460133,8908,1292,47,13708,437517
25/3/2021,461991,8938,1858,30,14294,438759
26/3/2021,463939,8967,1948,29,15033,439939
27/3/2021,465970,8998,2031,31,15709,441263
28/3/2021,467958,9031,1988,33,16624,442303
29/3/2021,469727,9061,1769,30,17228,443438
30/3/2021,471292,9086,1565,25,17494,444712
31/3/2021,473234,9113,1942,27,18022,446099
1/4/2021,475901,9162,2667,49,19245,447494
2/4/2021,478592,9185,2691,23,20611,448796
3/4/2021,481306,9213,2714,28,21918,450175
4/4/2021,484015,9221,2709,8,23082,451712
5/4/2021,486479,9231,2464,10,24001,453247
6/4/2021,488704,9249,2225,18,24303,455152
7/4/2021,490740,9279,2036,30,24979,456482
8/4/2021,494047,9301,3307,22,26592,458154
9/4/2021,497386,9334,3339,33,28104,459948
10/4/2021,500982,9353,3596,19,29523,462106
11/4/2021,504601,9382,3619,29,30374,464845
12/4/2021,507491,9400,2890,18,31050,467041
13/4/2021,510013,9425,2522,25,30686,469902
14/4/2021,513388,9469,3375,44,31775,472144
15/4/2021,517398,9499,4010,30,33366,474533
16/4/2021,521985,9538,4587,39,35725,476722
17/4/2021,526469,9584,4484,46,37352,479533
18/4/2021,531091,9622,4622,38,39515,481954
19/4/2021,535682,9641,4591,19,41822,484219
20/4/2021,538434,9671,2752,30,41513,487250
21/4/2021,542424,9710,3990,39,42589,490125
22/4/2021,547736,9764,5312,54,45123,492849
23/4/2021,553217,9800,5481,36,47339,496078
24/4/2021,558030,9854,4813,54,48730,499446
25/4/2021,563482,9913,5452,59,50748,502821
26/4/2021,569075,9972,5593,59,53148,505955
27/4/2021,572402,10004,3327,32,52781,509617
28/4/2021,576565,10055,4163,51,53203,513307
29/4/2021,582427,10107,5862,52,55513,516807
30/4/2021,588338,10194,5911,87,57841,520303
1/5/2021,592800,10229,4462,35,58078,524493
2/5/2021,598680,10296,5880,67,59875,528509
3/5/2021,604301,10361,5621,65,61586,532354
4/5/2021,609737,10420,5436,59,63187,536130
5/5/2021,613822,10470,4085,50,63102,540250
6/5/2021,618122,10517,4300,47,63723,543882
7/5/2021,621949,10589,3827,72,63997,547363
8/5/2021,627525,10702,5576,113,64196,552627
9/5/2021,635310,10823,7785,121,67742,556745
10/5/2021,642409,10876,7099,53,70626,560907
11/5/2021,647001,10941,4592,65,70567,565493
12/5/2021,653127,11064,6126,123,72129,569934
13/5/2021,660246,11165,7119,101,73779,575302
14/5/2021,667159,11255,6913,90,75055,580849
15/5/2021,673167,11365,6008,110,75616,586186
16/5/2021,679531,11463,6364,98,76595,591473
17/5/2021,685779,11508,6248,45,77652,596619
18/5/2021,689115,11624,3336,116,73675,603816
19/5/2021,694089,11851,4974,227,71676,610562
20/5/2021,700107,11940,6018,89,71352,616815
21/5/2021,705956,12046,5849,106,70796,623114
22/5/2021,710928,12152,4972,106,68731,630045
23/5/2021,716528,12250,5600,98,68638,635640
24/5/2021,720917,12312,4389,62,67167,641438
25/5/2021,723361,12398,2444,86,64242,646721
26/5/2021,727052,12496,3691,98,62869,651687
27/5/2021,731492,12601,4440,105,62080,656811
28/5/2021,736094,12714,4602,113,62048,661332
29/5/2021,739841,12819,3747,105,58462,668560
30/5/2021,743384,12920,3543,101,57062,673402
31/5/2021,746703,12967,3319,47,56219,677517
1/6/2021,748275,13049,1572,82,52953,682273
2/6/2021,750948,13140,2673,91,50779,687029
3/6/2021,754033,13245,3085,105,48488,692300
4/6/2021,756875,13364,2842,119,46813,696698
5/6/2021,759484,13449,2609,85,44594,701441
6/6/2021,762142,13523,2658,74,43385,705234
7/6/2021,764438,13574,2296,51,42503,708361
8/6/2021,765562,13645,1124,71,39975,711942
9/6/2021,767398,13743,1836,98,38113,715542
10/6/2021,769712,13841,2314,98,36244,719627
11/6/2021,771746,13907,2034,66,34826,723013
12/6/2021,773726,13977,1980,70,33183,726566
13/6/2021,775698,14033,1972,56,32166,729499
14/6/2021,777228,14071,1530,38,30935,732222
15/6/2021,778084,14126,856,55,28859,735099
16/6/2021,779493,14187,1409,61,26573,738733
17/6/2021,781207,14269,1714,82,24925,742013
18/6/2021,782738,14320,1531,51,23764,744654
19/6/2021,784355,14365,1617,45,21744,748246
20/6/2021,785856,14400,1501,35,21005,750451
21/6/2021,787168,14423,1312,23,20491,752254
22/6/2021,788096,14454,928,31,19386,754256
23/6/2021,789547,14496,1451,42,18883,756168
24/6/2021,791296,14553,1749,57,18611,758132
25/6/2021,793018,14598,1722,45,18403,760017
26/6/2021,794730,14626,1712,28,18012,762092
27/6/2021,796374,14657,1644,31,17952,763765
28/6/2021,797732,14670,1358,13,17841,765221
29/6/2021,798686,14705,954,35,17207,766774
30/6/2021,800069,14740,1383,35,16848,768481
1/7/2021,801889,14781,1820,41,16911,770197
2/7/2021,803625,14802,1736,21,16942,771881
3/7/2021,805420,14824,1795,22,16935,773661
4/7/2021,807272,14842,1852,18,17069,775361
5/7/2021,808851,14848,1579,6,17076,776927
6/7/2021,809816,14862,965,14,16419,778535
7/7/2021,811455,14884,1639,22,16185,780386
8/7/2021,813653,14897,2198,13,16847,781909
9/7/2021,815910,14917,2257,20,17478,783515
10/7/2021,818183,14933,2273,16,17915,785335
11/7/2021,820640,14948,2457,15,18790,786902
12/7/2021,822737,14955,2097,7,19287,788495
13/7/2021,824167,14959,1430,4,19159,790049
14/7/2021,826549,14971,2382,12,19751,791827
15/7/2021,829754,14990,3205,19,21086,793678
16/7/2021,833173,15014,3419,24,22584,795575
17/7/2021,836541,15027,3368,13,24190,797324
18/7/2021,840438,15040,3897,13,26250,799148
19/7/2021,843697,15048,3259,8,27642,801007
20/7/2021,845873,15060,2176,12,27525,803288
21/7/2021,849600,15079,3727,19,28883,805638
22/7/2021,854440,15097,4840,18,31178,808165
23/7/2021,859982,15106,5542,9,34495,810381
24/7/2021,864145,15116,4163,10,36171,812858
25/7/2021,867494,15124,3349,8,36364,816006
26/7/2021,872896,15129,5402,5,38903,818864
27/7/2021,877286,15137,4390,8,40014,822135
28/7/2021,884827,15152,7541,15,43768,825907
29/7/2021,894154,15160,9327,8,49608,829386
30/7/2021,905171,15173,11017,13,56888,833110
31/7/2021,915665,15184,10494,11,63482,836999
1/8/2021,927925,15192,12260,8,71445,841288
2/8/2021,938672,15197,10747,5,78644,844831
3/8/2021,946591,15204,7919,7,81451,849936
4/8/2021,958538,15219,11947,15,88637,854682
5/8/2021,972750,15228,14212,9,96973,860549
6/8/2021,987996,15240,15246,12,105877,866879
7/8/2021,1003425,15255,15429,15,112526,875644
8/8/2021,1019259,15273,15834,18,120233,883753
9/8/2021,1034028,15280,14769,7,126671,892077
10/8/2021,1046413,15297,12385,17,129804,901312
11/8/2021,1056287,15311,9874,14,129021,911955
12/8/2021,1071433,15330,15146,19,133000,923103
13/8/2021,1090511,15358,19078,28,142089,933064
14/8/2021,1110892,15383,20381,25,149954,945555
15/8/2021,1129412,15400,18520,17,156437,957575
16/8/2021,1147837,15408,18425,8,161693,970736
17/8/2021,1162002,15431,14165,23,161540,985031
18/8/2021,1180920,15467,18918,36,165731,999722
19/8/2021,1205069,15501,24149,34,175238,1014330
20/8/2021,1229361,15534,24292,33,187010,1026817
21/8/2021,1254952,15563,25591,29,199359,1040030
22/8/2021,1281136,15596,26184,33,210758,1054782
23/8/2021,1304613,15631,23477,35,220078,1068904
24/8/2021,1320709,15663,16096,32,215207,1089839
25/8/2021,1341707,15693,20998,30,220439,1105575
26/8/2021,1367163,15737,25456,44,230218,1121208
27/8/2021,1390575,15797,23412,60,236107,1138671
28/8/2021,1415013,15851,24438,54,242507,1156655
29/8/2021,1438498,15896,23485,45,246634,1175968
30/8/2021,1459187,15946,20689,50,249281,1193960
31/8/2021,1471969,15994,12782,48,221455,1234520
1/9/2021,1490766,16041,18797,47,216959,1257766
2/9/2021,1510072,16123,19306,82,212896,1281053
3/9/2021,1528454,16184,18382,61,212365,1299905
4/9/2021,1544690,16247,16236,63,205851,1322592
5/9/2021,1562210,16313,17520,66,199011,1346886
6/9/2021,1576062,16354,13852,41,192084,1367624
7/9/2021,1584190,16387,8128,33,183471,1384332
8/9/2021,1594538,16436,10348,49,170144,1407958
9/9/2021,1607299,16525,12761,89,163391,1427383
10/9/2021,1618005,16603,10706,78,155249,1446153
11/9/2021,1627187,16690,9182,87,145365,1465132
12/9/2021,1636257,16742,9070,52,137813,1481702
13/9/2021,1644216,16797,7959,55,128273,1499146
14/9/2021,1647994,16846,3778,49,115205,1515943
15/9/2021,1654166,16894,6172,48,107544,1529728
16/9/2021,1661019,16959,6853,65,100348,1543712
17/9/2021,1667041,17030,6022,71,94382,1555629
18/9/2021,1672455,17097,5414,67,87448,1567910
19/9/2021,1677335,17156,4880,59,80418,1579761
20/9/2021,1680926,17204,3591,48,73659,1590063
21/9/2021,1683393,17233,2467,29,68128,1598032
22/9/2021,1684583,17276,1190,43,59564,1607743
23/9/2021,1687869,17319,3286,43,53634,1616916
24/9/2021,1691867,17375,3998,56,50218,1624274
25/9/2021,1693779,17421,1912,46,44635,1631723
26/9/2021,1696614,17453,2835,32,41403,1637758
27/9/2021,1698993,17482,2379,29,38883,1642628
28/9/2021,1699989,17511,996,29,35498,1646980
29/9/2021,1701735,17551,1746,40,32753,1651431
30/9/2021,1703823,17605,2088,54,29871,1656347
1/10/2021,1705466,17648,1643,43,27465,1660353
2/10/2021,1706935,17683,1469,35,25279,1663973
3/10/2021,1708179,17716,1244,33,22763,1667700
4/10/2021,1709280,17730,1101,14,20716,1670834
5/10/2021,1709798,17756,518,26,19032,1673010
6/10/2021,1710733,17789,935,33,17142,1675802
7/10/2021,1711880,17819,1147,30,15834,1678227
8/10/2021,1712894,17856,1014,37,14462,1680576
9/10/2021,1713731,17902,837,46,13408,1682421
10/10/2021,1714536,17927,805,25,12402,1684207
11/10/2021,1715139,17941,603,14,11895,1685303
12/10/2021,1715442,17959,303,18,10927,1686556
13/10/2021,1716037,17986,595,27,10022,1688029
14/10/2021,1716770,18020,733,34,9504,1689246
15/10/2021,1717394,18051,624,31,9015,1690328
16/10/2021,1717923,18078,529,27,8422,1691423
17/10/2021,1718416,18092,493,14,7906,1692418
18/10/2021,1718911,18103,495,11,7724,1693084
19/10/2021,1719119,18121,208,18,7183,1693815
20/10/2021,1719474,18146,355,25,6724,1694604
21/10/2021,1719872,18157,398,11,6543,1695172
22/10/2021,1720198,18173,326,16,6209,1695816
23/10/2021,1720538,18183,340,10,5797,1696558
24/10/2021,1720834,18191,296,8,5493,1697150
25/10/2021,1721084,18199,250,8,5340,1697545
26/10/2021,1721187,18207,103,8,5021,1697959
27/10/2021,1721532,18221,345,14,4724,1698587
28/10/2021,1721758,18228,226,7,4465,1699065
29/10/2021,1722033,18237,275,9,4295,1699501
30/10/2021,1722323,18253,290,16,4208,1699862
31/10/2021,1722635,18261,312,8,4173,1700201
1/11/2021,1722880,18268,245,7,4166,1700446
2/11/2021,1722941,18275,61,7,3938,1700728
3/11/2021,1723130,18282,189,7,3752,1701096
4/11/2021,1723441,18290,311,8,3756,1701395
5/11/2021,1723574,18296,133,6,3612,1701666
6/11/2021,1723796,18306,222,10,3481,1702009
7/11/2021,1724038,18309,242,3,3468,1702261
8/11/2021,1724212,18310,174,1,3467,1702435
9/11/2021,1724310,18313,98,3,3329,1702668
10/11/2021,1724513,18316,203,3,1817,1704380
11/11/2021,1724722,18318,209,2,1803,1704601
12/11/2021,1724920,18323,198,5,1776,1704821
13/11/2021,1725121,18323,201,0,1700,1705098
14/11/2021,1725332,18325,211,2,1692,1705315
15/11/2021,1725482,18327,150,2,1681,1705474
16/11/2021,1725542,18327,60,0,1549,1705666
17/11/2021,1725697,18331,155,4,1437,1705929
18/11/2021,1725900,18336,203,5,1452,1706112
19/11/2021,1726060,18342,160,6,1415,1706303
20/11/2021,1726221,18342,161,0,1322,1706557
21/11/2021,1726331,18347,110,5,1250,1706734
22/11/2021,1726477,18347,146,0,1263,1706867
23/11/2021,1726511,18349,34,2,1165,1706997
24/11/2021,1726628,18351,117,2,1095,1707182
25/11/2021,1726704,18352,76,1,1061,1707291
26/11/2021,1726823,18353,119,1,1051,1707419
27/11/2021,1726935,18357,112,4,953,1707625
28/11/2021,1727070,18358,135,1,954,1707758
29/11/2021,1727143,18358,73,0,883,1707902
30/11/2021,1727221,18359,78,1,856,1708006
1/12/2021,1727304,18360,83,1,865,1708079
2/12/2021,1727430,18362,126,2,849,1708219
3/12/2021,1727560,18363,130,1,852,1708345
4/12/2021,1727701,18364,141,1,832,1708505
5/12/2021,1727828,18364,127,0,826,1708638
6/12/2021,1727942,18364,114,0,867,1708711
7/12/2021,1728015,18365,73,1,831,1708819
8/12/2021,1728113,18367,98,2,822,1708924
9/12/2021,1728237,18369,124,2,860,1709008
10/12/2021,1728410,18371,173,2,913,1709126
11/12/2021,1728548,18372,138,1,906,1709270
12/12/2021,1728689,18373,141,1,930,1709386
13/12/2021,1728820,18373,131,0,959,1709488
14/12/2021,1728906,18374,86,1,921,1709611
15/12/2021,1729035,18375,129,1,936,1709724
16/12/2021,1729208,18376,173,1,993,1709839
17/12/2021,1729401,18378,193,2,1056,1709967
18/12/2021,1729582,18379,181,1,1118,1710085
19/12/2021,1729777,18379,195,0,1198,1710200
20/12/2021,1729964,18379,187,0,1269,1710316
21/12/2021,1730112,18379,148,0,1320,1710413
22/12/2021,1730335,18381,223,2,1373,1710581
23/12/2021,1730602,18383,267,2,1542,1710677
24/12/2021,1730905,18386,303,3,1697,1710822
25/12/2021,1731199,18386,294,0,1869,1710944
26/12/2021,1731515,18387,316,1,2056,1711072
27/12/2021,1731789,18387,274,0,2184,1711218
28/12/2021,1732007,18387,218,0,2190,1711430
29/12/2021,1732369,18389,362,2,2350,1711630
30/12/2021,1732835,18393,466,4,2614,1711828
31/12/2021,1733325,18393,490,0,2913,1712019
1/1/2022,1733788,18393,463,0,3221,1712174
2/1/2022,1734292,18393,504,0,3535,1712364
3/1/2022,1734808,18395,516,2,3858,1712555
4/1/2022,1735591,18396,783,1,4459,1712736
5/1/2022,1736847,18397,1256,1,5496,1712954
6/1/2022,1739353,18398,2506,1,7767,1713188
7/1/2022,1743547,18398,4194,0,11582,1713567
8/1/2022,1749530,18400,5983,2,17177,1713953
9/1/2022,1757460,18402,7930,2,24630,1714428
10/1/2022,1765604,18403,8144,1,31982,1715219
11/1/2022,1771998,18405,6394,2,37677,1715916
12/1/2022,1778827,18407,6829,2,43492,1716928
13/1/2022,1791070,18412,12243,5,54493,1718165
14/1/2022,1809010,18414,17940,2,70165,1720431
15/1/2022,1830251,18425,21241,11,87863,1723963
16/1/2022,1852958,18431,22707,6,107063,1727464
17/1/2022,1879839,18433,26881,2,125497,1735909
18/1/2022,1903190,18434,23351,1,141620,1743136
19/1/2022,1933052,18444,29862,10,163972,1750636
20/1/2022,1972893,18457,39841,13,195495,1758941
21/1/2022,2017531,18469,44638,12,230501,1768561
22/1/2022,2067062,18478,49531,9,267074,1781510
23/1/2022,2121242,18490,54180,12,305852,1796900
24/1/2022,2169653,18506,48411,16,337059,1814088
25/1/2022,2216829,18523,47176,17,359391,1838915
26/1/2022,2277762,18559,60933,36,394848,1864355
27/1/2022,2347498,18599,69736,40,436825,1892074
28/1/2022,2421443,18642,73945,43,483536,1919265
29/1/2022,2502437,18686,80994,44,524431,1959320
30/1/2022,2584596,18729,82159,43,562030,2003837
31/1/2022,2669638,18764,85042,35,605857,2045017
1/2/2022,2730828,18792,61190,28,615682,2096354
2/2/2022,2811050,18871,80222,79,647489,2144690
3/2/2022,2904438,18949,93388,78,690006,2195483
4/2/2022,3007476,19039,103038,90,742253,2246184
5/2/2022,3101907,19131,94431,92,768249,2314527
6/2/2022,3207724,19257,105817,126,803504,2384963
7/2/2022,3300589,19324,92865,67,830664,2450601
8/2/2022,3372297,19446,71708,122,826882,2525969
9/2/2022,3468242,19587,95945,141,848346,2600309
10/2/2022,3566188,19742,97946,155,871577,2674869
11/2/2022,3666285,19917,100097,175,893817,2752551
12/2/2022,3764458,20059,98173,142,899424,2844975
13/2/2022,3831964,20202,67506,143,892448,2919314
14/2/2022,3912198,20359,80234,157,881372,3010467
15/2/2022,3975779,20494,63581,135,857537,3097748
16/2/2022,4055675,20701,79896,207,856175,3178799
17/2/2022,4146197,20954,90522,253,864786,3260457
18/2/2022,4241800,21198,95603,244,869123,3351479
19/2/2022,4334739,21433,92939,235,857475,3455831
20/2/2022,4411892,21636,77153,203,849966,3540290
21/2/2022,4484753,21821,72861,185,849665,3613267
22/2/2022,4540656,22000,55903,179,819855,3698801
23/2/2022,4607029,22272,66373,272,801340,3783417
24/2/2022,4684839,22529,77810,257,806757,3855553
25/2/2022,4750496,22755,65657,226,781716,3946025
26/2/2022,4815692,23011,65196,256,755007,4037674
27/2/2022,4886946,23270,71254,259,749251,4114425
28/2/2022,4950649,23446,63703,176,737078,4190125
1/3/2022,5005892,23633,55243,187,717643,4264616
2/3/2022,5067735,23860,61843,227,698958,4344917
3/3/2022,5139305,24092,71570,232,695387,4419826
4/3/2022,5210263,24349,70958,257,686435,4499479
5/3/2022,5274596,24604,64333,255,670816,4579176
6/3/2022,5338116,24789,63520,185,660409,4652918
7/3/2022,5393533,24935,55417,146,656431,4712167
8/3/2022,5434108,25049,40575,114,624411,4784648
9/3/2022,5483524,25281,49416,232,608551,4849692
10/3/2022,5546271,25486,62747,205,609502,4911283
11/3/2022,5609096,25697,62825,211,612098,4971301
12/3/2022,5665636,25860,56540,163,592889,5046887
13/3/2022,5720394,26029,54758,169,586559,5107806
14/3/2022,5772396,26154,52002,125,578465,5167777
15/3/2022,5804459,26262,32063,108,550862,5227335
16/3/2022,5855240,26442,50781,180,543964,5284834
17/3/2022,5911813,26600,56573,158,540454,5344759
18/3/2022,5966996,26764,55183,164,538621,5401611
19/3/2022,6016206,26919,49210,155,529038,5460249
20/3/2022,6061939,27045,45733,126,518304,5516590
21/3/2022,6102134,27119,40195,74,507292,5567723
22/3/2022,6131791,27176,29657,57,484934,5619681
23/3/2022,6153211,27246,21420,70,454908,5671057
24/3/2022,6189816,27356,36605,110,434436,5728024
25/3/2022,6238879,27485,49063,129,441245,5770149
26/3/2022,6286816,27601,47937,116,428260,5830955
27/3/2022,6334154,27699,47338,98,425519,5880936
28/3/2022,6377719,27767,43565,68,426612,5923340
29/3/2022,6410635,27831,32916,64,414843,5967961
30/3/2022,6452108,27913,41473,82,415942,6008253
31/3/2022,6504873,28010,52765,97,428780,6048083
1/4/2022,6552920,28097,48047,87,441767,6083056
2/4/2022,6606464,28200,53544,103,455864,6122400
3/4/2022,6653841,28248,47377,48,460801,6164792
4/4/2022,6702086,28286,48245,38,470278,6203522
5/4/2022,6735920,28327,33834,41,461766,6245827
6/4/2022,6778235,28387,42315,60,463468,6286380
7/4/2022,6832377,28456,54142,69,474904,6329017
8/4/2022,6887421,28528,55044,72,489554,6369339
9/4/2022,6939525,28590,52104,62,488736,6422199
10/4/2022,6991687,28646,52162,56,494941,6468100
11/4/2022,7039563,28684,47876,38,501281,6509598
12/4/2022,7072699,28721,33136,37,497602,6546376
13/4/2022,7124030,28765,51331,44,504156,6591109
14/4/2022,7181768,28825,57738,60,510922,6642021
15/4/2022,7237050,28884,55282,59,526013,6682153
16/4/2022,7287343,28945,50293,61,520226,6738172
17/4/2022,7334352,28992,47009,47,519782,6785578
18/4/2022,7374251,29023,39899,31,515322,6829906
19/4/2022,7402533,29049,28282,26,498469,6875015
20/4/2022,7440164,29102,37631,53,490965,6920097
21/4/2022,7487624,29151,47460,49,473178,6985295
22/4/2022,7535033,29201,47409,50,478166,7027666
23/4/2022,7577841,29257,42808,56,470494,7078090
24/4/2022,7621562,29284,43721,27,456875,7135403
25/4/2022,7660012,29308,38450,24,451956,7178748
26/4/2022,7688507,29344,28495,36,435999,7223164
27/4/2022,7725765,29402,37258,58,433004,7263359
28/4/2022,7771536,29467,45771,65,422712,7319357
29/4/2022,7813849,29506,42313,39,428054,7356289
30/4/2022,7850252,29548,36403,42,418134,7402570
1/5/2022,7876508,29567,26256,19,407838,7439103
2/5/2022,7901933,29601,25425,34,392911,7479421
3/5/2022,7925130,29631,23197,30,377658,7517841
4/5/2022,7952192,29683,27062,52,371231,7551278
5/5/2022,7978912,29708,26720,25,351616,7597588
6/5/2022,8000280,29726,21368,18,340245,7630309
7/5/2022,8023895,29761,23615,35,315292,7678842
8/5/2022,8058591,29785,34696,24,311922,7716884
9/5/2022,8099533,29813,40942,28,322044,7747676
10/5/2022,8133197,29843,33664,30,319199,7784155
11/5/2022,8172238,29894,39041,51,328288,7814056
12/5/2022,8217978,29935,45740,41,323284,7864759
13/5/2022,8260356,29974,42378,39,339445,7890937
14/5/2022,8299584,30005,39228,31,344793,7924786
15/5/2022,8338211,30039,38627,34,356585,7951587
16/5/2022,8373056,30061,34845,22,363366,7979629
17/5/2022,8399390,30089,26334,28,353843,8015458
18/5/2022,8433124,30122,33734,33,351748,8051254
19/5/2022,8474651,30175,41527,53,347651,8096825
20/5/2022,8513463,30211,38812,36,352229,8131023
21/5/2022,8552464,30255,39001,44,347788,8174421
22/5/2022,8587421,30292,34957,37,346793,8210336
23/5/2022,8618683,30307,31262,15,345113,8243263
24/5/2022,8641599,30337,22916,30,332850,8278412
25/5/2022,8671121,30369,29522,32,327293,8313459
26/5/2022,8705990,30418,34869,49,321620,8353952
27/5/2022,8737532,30458,31542,40,318746,8388328
28/5/2022,8765867,30497,28335,39,304941,8430429
29/5/2022,8790786,30536,24919,39,295371,8464879
30/5/2022,8811614,30558,20828,22,284872,8496184
31/5/2022,8830300,30582,18686,24,269318,8530400
1/6/2022,8850282,30618,19982,36,257656,8562008
2/6/2022,8872937,30653,22655,35,242113,8600171
3/6/2022,8893475,30677,20538,24,236033,8626765
4/6/2022,8913027,30712,19552,35,222617,8659698
5/6/2022,8929654,30735,16627,23,211991,8686928
6/6/2022,8945784,30752,16130,17,203743,8711289
7/6/2022,8957135,30773,11351,21,190545,8735817
8/6/2022,8972654,30797,15519,24,185009,8756848
9/6/2022,8990929,30818,18275,21,178367,8781744
10/6/2022,9008130,30844,17201,26,176979,8800307
11/6/2022,9023920,30866,15790,22,168040,8825014
12/6/2022,9038604,30879,14684,13,163363,8844362
13/6/2022,9051732,30891,13128,12,160061,8860780
14/6/2022,9061936,30910,10204,19,151676,8879350
15/6/2022,9075966,30935,14030,25,148489,8896542
16/6/2022,9092521,30963,16555,28,146490,8915068
17/6/2022,9108323,30980,15802,17,147491,8929852
18/6/2022,9123102,31003,14779,23,143557,8948542
19/6/2022,9136849,31023,13747,20,141576,8964250
20/6/2022,9149733,31032,12884,9,141337,8977364
21/6/2022,9159940,31045,10207,13,136152,8992743
22/6/2022,9173938,31057,13998,12,136480,9006401
23/6/2022,9191098,31077,17160,20,137589,9022432
24/6/2022,9207880,31091,16782,14,139437,9037352
25/6/2022,9223944,31107,16064,16,141012,9051825
26/6/2022,9239615,31116,15671,9,142642,9065857
27/6/2022,9253386,31126,13771,10,144186,9078074
28/6/2022,9265374,31139,11988,13,141524,9092711
29/6/2022,9282652,31246,17278,107,144947,9106459
30/6/2022,9305998,31266,23346,20,151720,9123012
1/7/2022,9329520,31281,23522,15,162876,9135363
2/7/2022,9352645,31297,23125,16,170328,9151020
3/7/2022,9375972,31308,23327,11,178744,9165920
4/7/2022,9398126,31316,22154,8,186990,9179820
5/7/2022,9418900,31332,20774,16,192245,9195323
6/7/2022,9451806,31348,32906,16,210297,9210161
7/7/2022,9496651,31363,44845,15,236965,9228323
8/7/2022,9544437,31377,47786,14,268505,9244555
9/7/2022,9593994,31403,49557,26,296111,9266480
10/7/2022,9645732,31416,51738,13,325819,9288497
11/7/2022,9696650,31426,50918,10,356346,9308878
12/7/2022,9742683,31445,46033,19,378272,9332966
13/7/2022,9810874,31465,68191,20,420699,9358710
14/7/2022,9903381,31494,92507,29,482056,9389831
15/7/2022,10000720,31528,97339,34,546289,9422903
16/7/2022,10100011,31559,99291,31,608200,9460252
17/7/2022,10204843,31580,104832,21,671498,9501765
18/7/2022,10308445,31594,103602,14,729599,9547252
19/7/2022,10388078,31610,79633,16,762842,9593626
20/7/2022,10469440,31643,81362,33,777865,9659932
21/7/2022,10604679,31697,135239,54,840359,9732623
22/7/2022,10785505,31735,180826,38,966698,9787072
23/7/2022,10981802,31799,196297,64,1085567,9864436
24/7/2022,11173911,31852,192109,53,1184950,9957109
25/7/2022,11346584,31885,172673,33,1276289,10038410
26/7/2022,11500595,31940,154011,55,1333661,10134994
27/7/2022,11680821,32048,180226,108,1401040,10247733
28/7/2022,11888057,32170,207236,122,1475707,10380180
29/7/2022,12118112,32286,230055,116,1605434,10480392
30/7/2022,12340050,32416,221938,130,1718504,10589130
31/7/2022,12553010,32507,212960,91,1815840,10704663
1/8/2022,12749822,32585,196812,78,1828719,10888518
2/8/2022,12917500,32694,167678,109,1835092,11049714
3/8/2022,13113301,32819,195801,125,1862871,11217611
4/8/2022,13344898,32976,231597,157,1914003,11397919
5/8/2022,13598290,33159,253392,183,1978752,11586379
6/8/2022,13835099,33348,236809,189,2011983,11789768
7/8/2022,14049978,33509,214879,161,2030264,11986205
8/8/2022,14248541,33663,198563,154,2058726,12156152
9/8/2022,14421539,33825,172998,162,2038476,12349238
10/8/2022,14618271,34075,196732,250,2038809,12545387
11/8/2022,14861375,34323,243104,248,2026897,12800155
12/8/2022,15086304,34537,224929,214,2092606,12959161
13/8/2022,15278668,34763,192364,226,2037957,13205948
14/8/2022,15445279,35001,166611,238,2016166,13394112
15/8/2022,15615251,35156,169972,155,2018686,13561409
16/8/2022,15775032,35371,159781,215,1951849,13787812
17/8/2022,15953318,35655,178286,284,1906098,14011565
18/8/2022,16161801,35955,208483,300,1870049,14255797
19/8/2022,16423053,36234,261252,279,1943205,14443614
20/8/2022,16678863,36517,255810,283,1957081,14685265
21/8/2022,16921653,36780,242790,263,2009800,14875073
22/8/2022,17139528,37008,217875,228,2042764,15059756
23/8/2022,17325025,37277,185497,269,2032243,15255505
24/8/2022,17519248,37594,194223,317,2062665,15418989
25/8/2022,17756658,37887,237410,293,2045799,15672972
26/8/2022,17983797,38197,227139,310,2083694,15861906
27/8/2022,18180425,38522,196628,325,2066836,16075067
28/8/2022,18353290,38770,172865,248,2048351,16266169
29/8/2022,18506515,39005,153225,235,2011521,16455989
30/8/2022,18632422,39253,125907,248,1915005,16678164
31/8/2022,18772004,39564,139582,311,1856477,16875963
1/9/2022,18939344,39880,167340,316,1789298,17110166
2/9/2022,19092657,40198,153313,318,1759072,17293387
3/9/2022,19228082,40545,135425,347,1738940,17448597
4/9/2022,19345212,40829,117130,284,1684153,17620230
5/9/2022,19450222,41054,105010,225,1629634,17779534
6/9/2022,19534517,41293,84295,239,1552348,17940876
7/9/2022,19635246,41575,100729,282,1479654,18114017
8/9/2022,19769989,41840,134743,265,1427737,18300412
9/9/2022,19882393,42101,112404,261,1338991,18501301
10/9/2022,19982056,42313,99663,212,1165101,18774642
11/9/2022,20071967,42510,89911,197,1127887,18901570
12/9/2022,20156992,42637,85025,127,1090638,19023717
13/9/2022,20221686,42794,64694,157,1024930,19153962
14/9/2022,20300387,42985,78701,191,992294,19265108
15/9/2022,20399933,43177,99546,192,941199,19415557
16/9/2022,20488312,43347,88379,170,926698,19518267
17/9/2022,20566116,43533,77804,186,887237,19635346
18/9/2022,20635847,43672,69731,139,875208,19716967
19/9/2022,20699467,43754,63620,82,867105,19788608
20/9/2022,20740797,43827,41330,73,837389,19859581
21/9/2022,20779307,43951,38510,124,790782,19944574
22/9/2022,20840785,44071,61478,120,737537,20059177
23/9/2022,20918843,44177,78058,106,746741,20127925
24/9/2022,20982896,44262,64053,85,736153,20202481
25/9/2022,21023814,44331,40918,69,718149,20261334
26/9/2022,21067544,44375,43730,44,701258,20321911
27/9/2022,21137064,44455,69520,80,737131,20355478
28/9/2022,21187043,44557,49979,102,698731,20443755
29/9/2022,21229216,44684,42173,127,663100,20521432
30/9/2022,21265862,44795,36646,111,630015,20591052
1/10/2022,21301280,44906,35418,111,601813,20654561
2/10/2022,21330772,44977,29492,71,589975,20695820
3/10/2022,21345939,45030,15167,53,566632,20734277
4/10/2022,21385662,45095,39723,65,544877,20795690
5/10/2022,21426855,45174,41193,79,508012,20873669
6/10/2022,21460295,45265,33440,91,477399,20937631
7/10/2022,21489738,45338,29443,73,465924,20978476
8/10/2022,21516523,45427,26785,89,448979,21022117
9/10/2022,21539319,45484,22796,57,402255,21091580
10/10/2022,21552357,45534,13038,50,365314,21141509
11/10/2022,21564995,45561,12638,27,335779,21183655
12/10/2022,21610500,45615,45505,54,344638,21220247
13/10/2022,21656190,45693,45690,78,354910,21255587
14/10/2022,21692795,45756,36605,63,362023,21285016
15/10/2022,21727933,45823,35138,67,381994,21300116
16/10/2022,21757595,45870,29662,47,371933,21339792
17/10/2022,21772967,45890,15372,20,346112,21380965
18/10/2022,21814973,45946,42006,56,354678,21414349
19/10/2022,21858528,46014,43555,68,368790,21443724
20/10/2022,21894638,46085,36110,71,378115,21470438
21/10/2022,21926231,46152,31593,67,386912,21493167
22/10/2022,21960404,46230,34173,78,408047,21506127
23/10/2022,21991277,46274,30873,44,426282,21518721
24/10/2022,22008129,46309,16852,35,397629,21564191
25/10/2022,22055832,46347,47703,38,399642,21609843
26/10/2022,22106126,46414,50294,67,413331,21646381
27/10/2022,22148863,46485,42737,71,420930,21681448
28/10/2022,22188117,46536,39254,51,430522,21711059
29/10/2022,22232640,46594,44523,58,459673,21726373
30/10/2022,22273251,46636,40611,42,458278,21768337
31/10/2022,22295592,46659,22341,23,437064,21811869
1/11/2022,22360872,46711,65280,52,466234,21847927
2/11/2022,22432840,46781,71968,70,506609,21879450
3/11/2022,22500313,46850,67473,69,539909,21913554
4/11/2022,22534377,46909,34064,59,543100,21944368
5/11/2022,22608547,46981,74170,72,600418,21961148
6/11/2022,22674944,47027,66397,46,619112,22008805
7/11/2022,22706566,47069,31622,42,600440,22059057
8/11/2022,22790250,47139,83684,70,641387,22101724
9/11/2022,22877660,47236,87410,97,689543,22140881
10/11/2022,22956237,47336,78577,100,723597,22185304
11/11/2022,23030330,47417,74093,81,757079,22225834
12/11/2022,23109816,47512,79486,95,814224,22248080
13/11/2022,23178710,47579,68894,67,817838,22313293
14/11/2022,23216265,47627,37555,48,783425,22385213
15/11/2022,23319094,47715,102829,88,818781,22452598
16/11/2022,23426796,47826,107702,111,892419,22486551
17/11/2022,23519801,47959,93005,133,911254,22560588
18/11/2022,23604176,48058,84375,99,929232,22626886
19/11/2022,23694063,48159,89887,101,987497,22658407
20/11/2022,23771785,48281,77722,122,981535,22741969
21/11/2022,23814209,48338,42424,57,936549,22829322
22/11/2022,23935445,48482,121236,144,979208,22907755
23/11/2022,24068806,48642,133361,160,1038476,22981688
24/11/2022,24128914,48772,60108,130,1019098,23061044
25/11/2022,24246754,48872,117840,100,1068044,23129838
26/11/2022,24372081,49036,125327,164,1155816,23167229
27/11/2022,24470557,49178,98476,142,1151463,23269916
28/11/2022,24519674,49281,49117,103,1092878,23377515
29/11/2022,24654770,49434,135096,153,1134969,23470367
30/11/2022,24793166,49644,138396,210,1188990,23554532
1/12/2022,24911367,49826,118201,182,1217304,23644237
2/12/2022,25021295,50013,109928,187,1249510,23721772
3/12/2022,25130886,50193,109591,180,1316677,23764016
4/12/2022,25220452,50344,89566,151,1285007,23885101
5/12/2022,25268073,50461,47621,117,1199267,24018345
6/12/2022,25405350,50608,137277,147,1276436,24078306
7/12/2022,25554733,50819,149383,211,1307979,24195935
8/12/2022,25687798,51062,133065,243,1315717,24321019
9/12/2022,25814888,51290,127090,228,1344331,24419267
10/12/2022,25950649,51512,135761,222,1430975,24468162
11/12/2022,26069823,51702,119174,190,1415053,24603068
12/12/2022,26132159,51829,62336,127,1338993,24741337
13/12/2022,26309153,52043,176994,214,1397786,24859324
14/12/2022,26499760,52287,190607,244,1478465,24969008
15/12/2022,26668251,52564,168491,277,1537365,25078322
16/12/2022,26821853,52823,153602,259,1601401,25167629
17/12/2022,26980236,53087,158383,264,1712163,25214986
18/12/2022,27116473,53319,136237,232,1711123,25352031
19/12/2022,27187394,53499,70921,180,1632661,25501234
20/12/2022,27374464,53730,187070,231,1686666,25634068
21/12/2022,27581407,54026,206943,296,1766519,25760862
22/12/2022,27765782,54365,184375,339,1815133,25896284
23/12/2022,27939118,54680,173336,315,1869295,26015143
24/12/2022,28116740,55019,177622,339,1984581,26077140
25/12/2022,28266405,55325,149665,306,1957252,26253828
26/12/2022,28343661,55542,77256,217,1843901,26444218
27/12/2022,28548004,55813,204343,271,1879753,26612438
28/12/2022,28764223,56228,216219,415,1942370,26765625
29/12/2022,28956286,56648,192063,420,1976050,26923588
30/12/2022,29105070,56974,148784,326,1988597,27059499
31/12/2022,29212535,57266,107465,292,2025141,27130128
1/1/2023,29299459,57519,86924,253,1924995,27316945
2/1/2023,29375723,57727,76264,208,1794316,27523680
3/1/2023,29467627,57953,91904,226,1701845,27707829
4/1/2023,29571931,58176,104304,223,1632813,27880942
5/1/2023,29798835,58496,226904,320,1682095,28058244
6/1/2023,30044377,58952,245542,456,1777972,28207453
7/1/2023,30283031,59415,238654,463,1939370,28284246
8/1/2023,30473569,59822,190538,407,1925565,28488182
9/1/2023,30568877,60158,95308,336,1804654,28704065
10/1/2023,30647859,60411,78982,253,1691573,28895875
11/1/2023,30846732,60792,198873,381,1741662,29044278
12/1/2023,31032204,61281,185472,489,1819669,29151254
13/1/2023,31176281,61761,144077,480,1876822,29237698
14/1/2023,31308352,62264,132071,503,1932629,29313459
15/1/2023,31416633,62679,108281,415,1949006,29404948
16/1/2023,31471011,62963,54378,284,1899080,29508968
17/1/2023,31597810,63320,126799,357,1798975,29735515
18/1/2023,31722918,63769,125108,449,1678541,29980608
19/1/2023,31819310,64220,96392,451,1536279,30218811
20/1/2023,31901924,64645,82614,425,1428355,30408924
21/1/2023,31980878,65043,78954,398,1412001,30503834
22/1/2023,32045328,65369,64450,326,1397469,30582490
23/1/2023,32077899,65622,32571,253,1231167,30781110
24/1/2023,32171700,65929,93801,307,1139496,30966275
25/1/2023,32251054,66297,79354,368,1074773,31109984
26/1/2023,32310939,66707,59885,410,1002587,31241645
27/1/2023,32364850,67050,53911,343,948217,31349583
28/1/2023,32419632,67388,54782,338,948621,31403623
29/1/2023,32464361,67639,44729,251,866551,31530171
30/1/2023,32485787,67845,21426,206,762869,31655073
31/1/2023,32532905,68091,47118,246,713595,31751219
1/2/2023,32588442,68399,55537,308,686518,31833525
2/2/2023,32633741,68796,45299,397,652863,31912082
3/2/2023,32673665,69033,39924,237,628337,31976295
4/2/2023,32712246,69289,38581,256,634347,32008610
5/2/2023,32744705,69477,32459,188,573005,32102223
6/2/2023,32760317,69601,15612,124,509263,32181453
7/2/2023,32805072,69762,44755,161,494133,32241177
8/2/2023,32846656,69962,41584,200,481806,32294888
9/2/2023,32879625,70185,32969,223,459993,32349447
10/2/2023,32908240,70377,28615,192,443879,32393984
11/2/2023,32935611,70558,27371,181,449824,32415229
12/2/2023,32949351,70695,13740,137,416446,32462210
13/2/2023,32958774,70788,9423,93,370332,32517654
14/2/2023,32990844,70923,32070,135,357103,32562818
15/2/2023,33019616,71136,28772,213,345951,32602529
16/2/2023,33040963,71308,21347,172,328717,32640938
17/2/2023,33059569,71449,18606,141,314864,32673256
18/2/2023,33076693,71579,17124,130,316376,32688738
19/2/2023,33090932,71686,14239,107,285860,32733386
20/2/2023,33097952,71737,7020,51,251296,32774919
21/2/2023,33117362,71809,19410,72,237737,32807816
22/2/2023,33136016,71935,18654,126,227776,32836305
23/2/2023,33151209,72051,15193,116,215598,32863560
24/2/2023,33157721,72134,6512,83,208370,32877217
25/2/2023,33172567,72206,14846,72,213793,32886568
26/2/2023,33184966,72268,12399,62,194122,32918576
27/2/2023,33190296,72320,5330,52,170680,32947296
28/2/2023,33205088,72387,14792,67,164125,32968576
1/3/2023,33219038,72486,13950,99,159469,32987083
2/3/2023,33230544,72573,11506,87,153851,33004120
3/3/2023,33241066,72640,10522,67,150134,33018292
4/3/2023,33251497,72721,10431,81,153545,33025231
5/3/2023,33260228,72771,8731,50,142866,33044591
6/3/2023,33264491,72805,4263,34,128475,33063211
7/3/2023,33276657,72840,12166,35,125448,33078369
8/3/2023,33288462,72909,11805,69,130741,33084812
9/3/2023,33298296,72989,9834,80,125729,33099578
10/3/2023,33307409,73038,9113,49,122443,33111928
11/3/2023,33316509,73156,9100,118,126213,33117140
12/3/2023,33323522,73199,7013,43,118434,33131889
13/3/2023,33326890,73226,3368,27,107852,33145812
14/3/2023,33336977,73273,10087,47,106433,33157271
15/3/2023,33346529,73334,9552,61,105463,33167732
16/3/2023,33354244,73391,7715,57,102747,33178106
17/3/2023,33361299,73439,7055,48,101071,33186789
18/3/2023,33368365,73477,7066,38,103874,33191014
19/3/2023,33374303,73511,5938,34,97646,33203146
20/3/2023,33377073,73533,2770,22,88611,33214929
21/3/2023,33385591,73562,8518,29,87295,33224734
22/3/2023,33390051,73592,4460,30,82642,33233817
23/3/2023,33398536,73632,8485,40,82027,33242877
24/3/2023,33407175,73681,8639,49,83653,33249841
25/3/2023,33415461,73725,8286,44,88571,33253165
26/3/2023,33421785,73747,6324,22,84808,33263230
27/3/2023,33424672,73764,2887,17,78143,33272765
28/3/2023,33433117,73791,8445,27,78873,33280453
29/3/2023,33441444,73825,8327,34,80145,33287474
30/3/2023,33448651,73865,7207,40,80286,33294500
31/3/2023,33455381,73908,6730,43,81078,33300395
1/4/2023,33462859,73939,7478,31,85786,33303134
2/4/2023,33469149,73953,6290,14,83558,33311638
3/4/2023,33472364,73967,3215,14,82313,33316084
4/4/2023,33481980,73981,9616,14,83444,33324555
5/4/2023,33491480,74002,9500,21,84305,33333173
6/4/2023,33500042,74029,8562,27,84581,33341432
7/4/2023,33508380,74060,8338,31,86595,33347725
8/4/2023,33516848,74081,8468,21,92176,33350591
9/4/2023,33523927,74096,7079,15,90810,33359021
10/4/2023,33527217,74110,3290,14,85773,33367334
11/4/2023,33537375,74132,10158,22,88724,33374519
12/4/2023,33547551,74164,10176,32,92170,33381217
13/4/2023,33556679,74182,9128,18,93820,33388677
14/4/2023,33565099,74198,8420,16,95950,33394951
15/4/2023,33573695,74220,8596,22,101331,33398144
16/4/2023,33580723,74235,7028,15,98743,33407745
17/4/2023,33584222,74244,3499,9,92742,33417236
18/4/2023,33595834,74264,11612,20,95792,33425778
19/4/2023,33607928,74286,12094,22,99548,33434094
20/4/2023,33618471,74314,10543,28,101623,33442534
21/4/2023,33628545,74338,10074,24,104618,33449589
22/4/2023,33639205,74356,10660,18,111988,33452861
23/4/2023,33647899,74376,8694,20,110524,33462999
24/4/2023,33651990,74389,4091,13,104439,33473162
25/4/2023,33664545,74407,12555,18,107866,33482272
26/4/2023,33677778,74443,13233,36,112679,33490656
27/4/2023,33689542,74467,11764,24,115847,33499228
28/4/2023,33700970,74501,11428,34,120247,33506222
29/4/2023,33714017,74528,13047,27,129795,33509694
30/4/2023,33720739,74542,6722,14,124905,33521292
1/5/2023,33725765,74550,5026,8,117837,33533378
2/5/2023,33742983,74569,17218,19,124512,33543902
3/5/2023,33759614,74596,16631,27,131069,33553949
4/5/2023,33766957,74614,7343,18,127752,33564591
5/5/2023,33772764,74633,5807,19,124865,33573266
6/5/2023,33778993,74645,6229,12,127003,33577345
7/5/2023,33793429,74654,14436,9,128884,33589891
8/5/2023,33802739,74669,9310,15,124961,33603109
9/5/2023,33803572,74694,833,25,114030,33614848
10/5/2023,33803572,74694,0,0,102602,33626276
11/5/2023,33803572,74694,0,0,89555,33639323
12/5/2023,33803572,74694,0,0,82833,33646045
13/5/2023,33803572,74694,0,0,77807,33651071
14/5/2023,33803572,74694,0,0,60589,33668289
15/5/2023,33803572,74694,0,0,43958,33684920
16/5/2023,33803572,74694,0,0,36615,33692263
17/5/2023,33803572,74694,0,0,30808,33698070
18/5/2023,33803572,74694,0,0,24579,33704299
19/5/2023,33803572,74694,0,0,10143,33718735
20/5/2023,33803572,74694,0,0,833,33728045
21/5/2023,33803572,74694,0,0,0,33728878
22/5/2023,33803572,74694,0,0,0,33728878
23/5/2023,33803572,74694,0,0,0,33728878
24/5/2023,33803572,74694,0,0,0,33728878
25/5/2023,33803572,74694,0,0,0,33728878
26/5/2023,33803572,74694,0,0,0,33728878
27/5/2023,33803572,74694,0,0,0,33728878
28/5/2023,33803572,74694,0,0,0,33728878
29/5/2023,33803572,74694,0,0,0,33728878
30/5/2023,33803572,74694,0,0,0,33728878
31/5/2023,33803572,74694,0,0,0,33728878
1/6/2023,33803572,74694,0,0,0,33728878
2/6/2023,33803572,74694,0,0,0,33728878
3/6/2023,33803572,74694,0,0,0,33728878
4/6/2023,33803572,74694,0,0,0,33728878
