Date,Cases,Deaths,Daily cases,Daily deaths,Active cases,Recoveries
2/15/2020,0,0,,,0,0
2/16/2020,0,0,0,0,0,0
2/17/2020,0,0,0,0,0,0
2/18/2020,0,0,0,0,0,0
2/19/2020,0,0,0,0,0,0
2/20/2020,0,0,0,0,0,0
2/21/2020,0,0,0,0,0,0
2/22/2020,0,0,0,0,0,0
2/23/2020,0,0,0,0,0,0
2/24/2020,0,0,0,0,0,0
2/25/2020,0,0,0,0,0,0
2/26/2020,0,0,0,0,0,0
2/27/2020,0,0,0,0,0,0
2/28/2020,0,0,0,0,0,0
2/29/2020,0,0,0,0,0,0
3/1/2020,0,0,0,0,0,0
3/2/2020,0,0,0,0,0,0
3/3/2020,0,0,0,0,0,0
3/4/2020,1,0,1,0,1,0
3/5/2020,1,0,0,0,1,0
3/6/2020,5,0,4,0,5,0
3/7/2020,6,0,1,0,6,0
3/8/2020,11,0,5,0,11,0
3/9/2020,17,0,6,0,17,0
3/10/2020,22,0,5,0,22,0
3/11/2020,31,0,9,0,31,0
3/12/2020,51,1,20,1,50,0
3/13/2020,68,2,17,1,66,0
3/14/2020,104,3,36,1,100,1
3/15/2020,125,3,21,0,121,1
3/16/2020,177,4,52,1,172,1
3/17/2020,238,5,61,1,232,1
3/18/2020,287,5,49,0,281,1
3/19/2020,355,5,68,0,349,1
3/20/2020,425,5,70,0,419,1
3/21/2020,536,5,111,0,530,1
3/22/2020,634,7,98,2,626,1
3/23/2020,749,8,115,1,740,1
3/24/2020,901,10,152,2,890,1
3/25/2020,1051,14,150,4,1030,7
3/26/2020,1221,16,170,2,1198,7
3/27/2020,1389,16,168,0,1366,7
3/28/2020,1638,18,249,2,1613,7
3/29/2020,1862,22,224,4,1833,7
3/30/2020,2055,31,193,9,2017,7
3/31/2020,2311,33,256,2,2271,7
4/1/2020,2554,43,243,10,2455,56
4/2/2020,2946,57,392,14,2833,56
4/3/2020,3383,71,437,14,3256,56
4/4/2020,3627,79,244,8,3432,116
4/5/2020,4102,94,475,15,3874,134
4/6/2020,4413,107,311,13,4144,162
4/7/2020,4848,129,435,22,4528,191
4/8/2020,5205,159,357,30,4824,222
4/9/2020,5575,174,370,15,5117,284
4/10/2020,5955,181,380,7,5456,318
4/11/2020,6356,208,401,27,5773,375
4/12/2020,6674,232,318,24,6003,439
4/13/2020,6934,245,260,13,6202,487
4/14/2020,7202,263,268,18,6321,618
4/15/2020,7582,286,380,23,6628,668
4/16/2020,7918,314,336,28,6830,774
4/17/2020,8379,332,461,18,7181,866
4/18/2020,8742,347,363,15,7414,981
4/19/2020,9287,360,545,13,7887,1040
4/20/2020,9593,380,306,20,8080,1133
4/21/2020,9856,401,263,21,8158,1297
4/22/2020,10169,426,313,25,8230,1513
4/23/2020,10511,454,342,28,8317,1740
4/24/2020,10892,494,381,40,8454,1944
4/25/2020,11273,524,381,30,8623,2126
4/26/2020,11617,535,344,11,8817,2265
4/27/2020,11902,562,285,27,8874,2466
4/28/2020,12218,596,316,34,8967,2655
4/29/2020,12640,624,422,28,8991,3025
4/30/2020,12877,644,237,20,8997,3236
5/1/2020,13105,651,228,7,8963,3491
5/2/2020,13375,664,270,13,8949,3762
5/3/2020,13693,678,318,14,9070,3945
5/4/2020,14006,698,313,20,9213,4095
5/5/2020,14431,716,425,18,9435,4280
5/6/2020,14740,733,309,17,9352,4655
5/7/2020,15047,755,307,22,9430,4862
5/8/2020,15366,776,319,21,9406,5184
5/9/2020,15651,785,285,9,9429,5437
5/10/2020,15996,800,345,15,9498,5698
5/11/2020,16326,811,330,11,9699,5816
5/12/2020,16921,839,595,28,9951,6131
5/13/2020,17204,861,283,22,9933,6410
5/14/2020,17615,883,411,22,10036,6696
5/15/2020,18016,907,401,24,10191,6918
5/16/2020,18257,915,241,8,10167,7175
5/17/2020,18529,925,272,10,10153,7451
5/18/2020,18885,936,356,11,10321,7628
5/19/2020,19268,948,383,12,10417,7903
5/20/2020,19739,962,471,14,10594,8183
5/21/2020,20143,972,404,10,10719,8452
5/22/2020,20619,982,476,10,10906,8731
5/23/2020,20931,993,312,11,10961,8977
5/24/2020,21326,996,395,3,11136,9194
5/25/2020,21631,1007,305,11,11348,9276
5/26/2020,22074,1024,443,17,11030,10020
5/27/2020,22473,1028,399,4,11115,10330
5/28/2020,22825,1038,352,10,11227,10560
5/29/2020,23155,1051,330,13,11412,10692
5/30/2020,23571,1061,416,10,11494,11016
5/31/2020,23786,1064,215,3,11451,11271
6/1/2020,24165,1074,379,10,11642,11449
6/2/2020,24395,1092,230,18,11577,11726
6/3/2020,24687,1115,292,23,11558,12014
6/4/2020,25048,1117,361,2,11704,12227
6/5/2020,25410,1137,362,20,11863,12410
6/6/2020,25986,1153,576,16,12192,12641
6/7/2020,26561,1157,575,4,12549,12855
6/8/2020,27160,1166,599,9,12996,12998
6/9/2020,27560,1183,400,17,13181,13196
6/10/2020,27842,1206,282,23,13225,13411
6/11/2020,28201,1215,359,9,13290,13696
6/12/2020,28577,1222,376,7,13550,13805
6/13/2020,29017,1237,440,15,13676,14104
6/14/2020,29392,1247,375,10,13919,14226
6/15/2020,29788,1256,396,9,14149,14383
6/16/2020,30195,1272,407,16,14269,14654
6/17/2020,30701,1286,506,14,14494,14921
6/18/2020,31015,1316,314,30,14382,15317
6/19/2020,31316,1334,301,18,14284,15698
6/20/2020,31620,1346,304,12,14093,16181
6/21/2020,31931,1356,311,10,13892,16683
6/22/2020,32227,1359,296,3,13792,17076
6/23/2020,32527,1375,300,16,13579,17573
6/24/2020,32821,1396,294,21,13291,18134
6/25/2020,33119,1412,298,16,13053,18654
6/26/2020,33395,1429,276,17,12748,19218
6/27/2020,33714,1435,319,6,12307,19972
6/28/2020,33907,1438,193,3,11921,20548
6/29/2020,34154,1444,247,6,11813,20897
6/30/2020,34393,1463,239,19,11649,21281
7/1/2020,34775,1477,382,14,11507,21791
7/2/2020,35146,1492,371,15,11445,22209
7/3/2020,35405,1507,259,15,11247,22651
7/4/2020,35719,1512,314,5,11080,23127
7/5/2020,35950,1517,231,5,10687,23746
7/6/2020,36155,1521,205,4,10668,23966
7/7/2020,36412,1528,257,7,10646,24238
7/8/2020,36689,1542,277,14,10269,24878
7/9/2020,36951,1551,262,9,9923,25477
7/10/2020,37216,1562,265,11,9606,26048
7/11/2020,37521,1568,305,6,9318,26635
7/12/2020,37891,1571,370,3,9172,27148
7/13/2020,38190,1576,299,5,9099,27515
7/14/2020,38457,1588,267,12,9113,27756
7/15/2020,38721,1594,264,6,8635,28492
7/16/2020,39054,1605,333,11,8521,28928
7/17/2020,39407,1612,353,7,8290,29505
7/18/2020,39746,1618,339,6,8204,29924
7/19/2020,40104,1624,358,6,8188,30292
7/20/2020,40383,1627,279,3,8217,30539
7/21/2020,40782,1636,399,9,8375,30771
7/22/2020,41162,1642,380,6,8381,31139
7/23/2020,41580,1651,418,9,8388,31541
7/24/2020,42038,1655,458,4,8386,31997
7/25/2020,42622,1664,584,9,8539,32419
7/26/2020,43065,1671,443,7,8641,32753
7/27/2020,43402,1676,337,5,8870,32856
7/28/2020,43904,1682,502,6,9179,33043
7/29/2020,44416,1694,512,12,9532,33190
7/30/2020,45031,1709,615,15,9679,33643
7/31/2020,45688,1716,657,7,9985,33987
8/1/2020,46346,1721,658,5,10251,34374
8/2/2020,46894,1731,548,10,10454,34709
8/3/2020,47469,1732,575,1,10856,34881
8/4/2020,48149,1738,680,6,11355,35056
8/5/2020,48789,1756,640,18,11712,35321
8/6/2020,49515,1774,726,18,12099,35642
8/7/2020,50324,1787,809,13,12496,36041
8/8/2020,51167,1800,843,13,12964,36403
8/9/2020,51791,1807,624,7,13293,36691
8/10/2020,52410,1809,619,2,13724,36877
8/11/2020,52961,1821,551,12,13990,37150
8/12/2020,53676,1830,715,9,14235,37611
8/13/2020,54487,1844,811,14,14682,37961
8/14/2020,55319,1858,832,14,15099,38362
8/15/2020,56090,1869,771,11,15368,38853
8/16/2020,56684,1877,594,8,15677,39130
8/17/2020,57279,1885,595,8,16035,39359
8/18/2020,57876,1896,597,11,16337,39643
8/19/2020,58611,1913,735,17,16599,40099
8/20/2020,59378,1925,767,12,16972,40481
8/21/2020,60281,1938,903,13,17314,41029
8/22/2020,61181,1951,900,13,17569,41661
8/23/2020,61762,1955,581,4,17624,42183
8/24/2020,62310,1960,548,5,17902,42448
8/25/2020,63073,1977,763,17,18312,42784
8/26/2020,63802,1994,729,17,18409,43399
8/27/2020,64689,2010,887,16,18582,44097
8/28/2020,65480,2018,791,8,18677,44785
8/29/2020,66239,2032,759,14,18671,45536
8/30/2020,66870,2033,631,1,18645,46192
8/31/2020,67372,2039,502,6,18695,46638
9/1/2020,67922,2058,550,19,18834,47030
9/2/2020,68517,2078,595,20,18574,47865
9/3/2020,69129,2092,612,14,18444,48593
9/4/2020,69820,2100,691,8,17900,49820
9/5/2020,70387,2113,567,13,15928,52346
9/6/2020,70824,2120,437,7,14448,54256
9/7/2020,71126,2124,302,4,13889,55113
9/8/2020,71526,2136,400,12,13480,55910
9/9/2020,71947,2147,421,11,12665,57135
9/10/2020,72453,2159,506,12,12225,58069
9/11/2020,73047,2169,594,10,12030,58848
9/12/2020,73650,2182,603,13,11743,59725
9/13/2020,74152,2188,502,6,11305,60659
9/14/2020,74529,2203,377,15,11229,61097
9/15/2020,75134,2227,605,24,11359,61548
9/16/2020,75734,2237,600,10,11387,62110
9/17/2020,76571,2253,837,16,11593,62725
9/18/2020,77328,2270,757,17,11746,63312
9/19/2020,78330,2282,1002,12,12187,63861
9/20/2020,79240,2293,910,11,12645,64302
9/21/2020,79988,2298,748,5,13086,64604
9/22/2020,80699,2316,711,18,13411,64972
9/23/2020,81673,2344,974,28,13768,65561
9/24/2020,82809,2369,1136,25,14282,66158
9/25/2020,84396,2392,1587,23,15264,66740
9/26/2020,85980,2424,1584,32,16230,67326
9/27/2020,87330,2432,1350,8,16994,67904
9/28/2020,88636,2447,1306,15,17769,68420
9/29/2020,89962,2483,1326,36,18524,68955
9/30/2020,91514,2513,1552,30,19306,69695
10/1/2020,93481,2543,1967,30,20537,70401
10/2/2020,95773,2570,2292,27,21850,71353
10/3/2020,98140,2604,2367,34,23327,72209
10/4/2020,100074,2630,1934,26,24441,73003
10/5/2020,102080,2659,2006,29,25869,73552
10/6/2020,104316,2717,2236,58,27441,74158
10/7/2020,107319,2791,3003,74,29182,75346
10/8/2020,111599,2867,4280,76,32242,76490
10/9/2020,116338,2919,4739,52,35544,77875
10/10/2020,121638,2972,5300,53,39684,78982
10/11/2020,125816,3004,4178,32,42510,80302
10/12/2020,130210,3038,4394,34,45971,81201
10/13/2020,135278,3101,5068,63,50173,82004
10/14/2020,141804,3217,6526,116,54740,83847
10/15/2020,149903,3308,8099,91,61007,85588
10/16/2020,157608,3440,7705,132,66395,87773
10/17/2020,167230,3524,9622,84,73544,90162
10/18/2020,175766,3573,8536,49,79542,92651
10/19/2020,183248,3614,7482,41,85620,94014
10/20/2020,192539,3721,9291,107,92862,95956
10/21/2020,202579,3851,10040,130,99844,98884
10/22/2020,214686,4019,12107,168,108463,102204
10/23/2020,228318,4172,13632,153,119054,105092
10/24/2020,241946,4350,13628,178,128252,109344
10/25/2020,253688,4437,11742,87,136632,112619
10/26/2020,263929,4482,10241,45,144145,115302
10/27/2020,280229,4612,16300,130,156380,119237
10/28/2020,299049,4848,18820,236,170697,123504
10/29/2020,319205,5149,20156,301,184789,129267
10/30/2020,340834,5351,21629,202,200759,134724
10/31/2020,362731,5631,21897,280,216820,140280
11/1/2020,379902,5783,17171,152,227524,146595
11/2/2020,395480,5875,15578,92,235192,154413
11/3/2020,414844,6102,19364,227,248756,159986
11/4/2020,439536,6474,24692,372,264102,168960
11/5/2020,466679,6841,27143,367,282157,177681
11/6/2020,493765,7286,27086,445,297804,188675
11/7/2020,521640,7635,27875,349,313495,200510
11/8/2020,546425,7871,24785,236,329191,209363
11/9/2020,568138,8044,21713,173,340723,219371
11/10/2020,593592,8374,25454,330,354557,230661
11/11/2020,618813,8803,25221,429,367135,242875
11/12/2020,641496,9078,22683,275,378069,254349
11/13/2020,665547,9497,24051,419,388470,267580
11/14/2020,691118,10045,25571,548,398858,282215
11/15/2020,712972,10348,21854,303,407841,294783
11/16/2020,733788,10491,20816,143,417275,306022
11/17/2020,752940,10848,19152,357,417810,324282
11/18/2020,772823,11451,19883,603,418489,342883
11/19/2020,796798,12088,23975,637,422824,361886
11/20/2020,819262,12714,22464,626,424748,381800
11/21/2020,842864,13288,23602,574,422501,407075
11/22/2020,861331,13618,18467,330,423742,423971
11/23/2020,876333,13774,15002,156,423691,438868
11/24/2020,909060,14314,32727,540,440029,454717
11/25/2020,924425,14988,15365,674,439910,469527
11/26/2020,941356,15568,16931,580,430919,494869
11/27/2020,958415,16147,17059,579,425632,516636
11/28/2020,973592,16746,15177,599,418573,538273
11/29/2020,985078,17029,11486,283,408620,559429
11/30/2020,990819,17150,5741,121,396155,577514
12/1/2020,999892,17599,9073,449,384704,597589
12/2/2020,1013772,18208,13880,609,372584,622980
12/3/2020,1028607,18828,14835,620,363219,646560
12/4/2020,1041843,19359,13236,531,356071,666413
12/5/2020,1054273,19861,12430,502,346502,687910
12/6/2020,1063447,20089,9174,228,336638,706720
12/7/2020,1067868,20181,4421,92,325241,722446
12/8/2020,1076178,20592,8310,411,316741,738845
12/9/2020,1088347,21160,12169,568,298946,768241
12/10/2020,1102091,21630,13744,470,288342,792119
12/11/2020,1115203,22174,13112,544,277673,815356
12/12/2020,1126699,22676,11496,502,263482,840541
12/13/2020,1135676,22864,8977,188,253917,858895
12/14/2020,1140539,22960,4863,96,248424,869155
12/15/2020,1147447,23309,6908,349,244390,879748
12/16/2020,1159901,23914,12454,605,243337,892650
12/17/2020,1171851,24345,11950,431,244157,903349
12/18/2020,1182843,24771,10992,426,242496,915576
12/19/2020,1194106,25254,11263,483,241129,927723
12/20/2020,1202700,25397,8594,143,239034,938269
12/21/2020,1207333,25474,4633,77,235842,946017
12/22/2020,1214522,25783,7189,309,234467,954272
12/23/2020,1226883,26255,12361,472,235450,965178
12/24/2020,1240002,26752,13119,497,237374,975876
12/25/2020,1248909,26992,8907,240,237234,984683
12/26/2020,1254121,27061,5212,69,234679,992381
12/27/2020,1257799,27118,3678,57,231071,999610
12/28/2020,1260720,27147,2921,29,228197,1005376
12/29/2020,1268459,27454,7739,307,227000,1014005
12/30/2020,1281481,28022,13022,568,227570,1025889
12/31/2020,1294766,28556,13285,534,230072,1036138
1/1/2021,1305835,28956,11069,400,230598,1046281
1/2/2021,1312823,29058,6988,102,228329,1055436
1/3/2021,1318515,29119,5692,61,226303,1063093
1/4/2021,1322919,29161,4404,42,224204,1069554
1/5/2021,1330612,29502,7693,341,222218,1078892
1/6/2021,1344828,30055,14216,553,227029,1087744
1/7/2021,1356855,30242,12027,187,230997,1095616
1/8/2021,1365841,30573,8986,331,230669,1104599
1/9/2021,1376112,31012,10271,439,231362,1113738
1/10/2021,1385763,31189,9651,177,231256,1123318
1/11/2021,1390210,31267,4447,78,228483,1130460
1/12/2021,1395852,31593,5642,326,226133,1138126
1/13/2021,1404926,32075,9074,482,225728,1147123
1/14/2021,1414525,32458,9599,383,226244,1155823
1/15/2021,1422200,32844,7675,386,224706,1164650
1/16/2021,1429527,33213,7327,369,223227,1173087
1/17/2021,1435643,33355,6116,142,220962,1181326
1/18/2021,1438969,33407,3326,52,217843,1187719
1/19/2021,1443828,33698,4859,291,213096,1197034
1/20/2021,1450603,34142,6775,444,209102,1207359
1/21/2021,1457808,34562,7205,420,207514,1215732
1/22/2021,1464557,34907,6749,345,213918,1215732
1/23/2021,1470762,35253,6205,346,212727,1222782
1/24/2021,1475700,35363,4938,110,209891,1230446
1/25/2021,1478118,35401,2418,38,204981,1237736
1/26/2021,1482723,35665,4605,264,203483,1243575
1/27/2021,1489509,36054,6786,389,207188,1246267
1/28/2021,1496666,36444,7157,390,209330,1250892
1/29/2021,1502810,36779,6144,335,208679,1257352
1/30/2021,1508679,37082,5869,303,207023,1264574
1/31/2021,1513382,37180,4703,98,205735,1270467
2/1/2021,1515889,37223,2507,43,202030,1276636
2/2/2021,1520214,37476,4325,253,201342,1281396
2/3/2021,1527015,37900,6801,424,205417,1283698
2/4/2021,1533511,38344,6496,444,207004,1288163
2/5/2021,1539565,38711,6054,367,206167,1294687
2/6/2021,1545527,38994,5962,283,204962,1301571
2/7/2021,1550255,39087,4728,93,204007,1307161
2/8/2021,1552656,39133,2401,46,200667,1312856
2/9/2021,1556715,39361,4059,228,199880,1317474
2/10/2021,1563650,39721,6935,360,204294,1319635
2/11/2021,1570657,40177,7007,456,206379,1324101
2/12/2021,1577035,40425,6378,248,206483,1330127
2/13/2021,1583621,40709,6586,284,206445,1336467
2/14/2021,1588954,40807,5333,98,206116,1342031
2/15/2021,1591495,40832,2541,25,202993,1347670
2/16/2021,1596678,41029,5183,197,203206,1352443
2/17/2021,1605373,41309,8695,280,209466,1354598
2/18/2021,1614441,41582,9068,273,214193,1358666
2/19/2021,1623217,41823,8776,241,216178,1365216
2/20/2021,1631729,42077,8512,254,217326,1372326
2/21/2021,1638768,42171,7039,94,218183,1378414
2/22/2021,1642652,42189,3884,18,216090,1384373
2/23/2021,1648963,42436,6311,247,217011,1389516
2/24/2021,1661110,42808,12147,372,226321,1391981
2/25/2021,1673249,43094,12139,286,232813,1397342
2/26/2021,1684785,43353,11536,259,235880,1405552
2/27/2021,1696887,43655,12102,302,238771,1414461
2/28/2021,1706986,43769,10099,114,240388,1422829
3/1/2021,1711771,43792,4785,23,237118,1430861
3/2/2021,1719708,44051,7937,259,237625,1438032
3/3/2021,1735409,44360,15701,309,249570,1441479
3/4/2021,1750661,44649,15252,289,257393,1448619
3/5/2021,1766488,44914,15827,265,262010,1459564
3/6/2021,1781340,45159,14852,245,264573,1471608
3/7/2021,1794913,45285,13573,126,267060,1482568
3/8/2021,1801082,45317,6169,32,261682,1494083
3/9/2021,1811053,45599,9971,282,262101,1503353
3/10/2021,1828379,45998,17326,399,274476,1507905
3/11/2021,1849522,46373,21143,375,286609,1516540
3/12/2021,1868311,46725,18789,352,291102,1530484
3/13/2021,1889373,47068,21062,343,296154,1546151
3/14/2021,1906631,47178,17258,110,299226,1560227
3/15/2021,1917525,47206,10894,28,295864,1574455
3/16/2021,1931922,47579,14397,373,297179,1587164
3/17/2021,1956970,48032,25048,453,315773,1593165
3/18/2021,1984246,48388,27276,356,332026,1603832
3/19/2021,2010295,48810,26049,422,341213,1620272
3/20/2021,2036701,49160,26406,350,347491,1640050
3/21/2021,2058551,49300,21850,140,352424,1656827
3/22/2021,2073128,49365,14577,65,347755,1676008
3/23/2021,2090693,49765,17565,400,347053,1693875
3/24/2021,2120670,50340,29977,575,362484,1707846
3/25/2021,2154823,50862,34153,522,381105,1722856
3/26/2021,2189968,51305,35145,443,391440,1747223
3/27/2021,2221738,51753,31770,448,394917,1775068
3/28/2021,2250999,51884,29261,131,400193,1798922
3/29/2021,2267956,51931,16957,47,391594,1824431
3/30/2021,2288843,52392,20887,461,388252,1848199
3/31/2021,2321719,53044,32876,652,406750,1861925
4/1/2021,2356965,53668,35246,624,421118,1882179
4/2/2021,2387511,54166,30546,498,422096,1911249
4/3/2021,2415595,54737,28084,571,414864,1945994
4/4/2021,2438561,54941,22966,204,405187,1978433
4/5/2021,2448464,55005,9903,64,384151,2009308
4/6/2021,2456707,55065,8243,60,365065,2036577
4/7/2021,2471620,55705,14913,640,350310,2065605
4/8/2021,2499519,56659,27899,954,343742,2099118
4/9/2021,2528042,57427,28523,768,337306,2133309
4/10/2021,2552928,58176,24886,749,330441,2164311
4/11/2021,2574634,58420,21706,244,323391,2192823
4/12/2021,2586623,58482,11989,62,318605,2209536
4/13/2021,2599833,59127,13210,645,310345,2230361
4/14/2021,2621112,59930,21279,803,298590,2262592
4/15/2021,2642241,60613,21129,683,284593,2297035
4/16/2021,2660111,61209,17870,596,272004,2326898
4/17/2021,2675872,61825,15761,616,259661,2354386
4/18/2021,2688044,62032,12172,207,249276,2376736
4/19/2021,2695325,62133,7281,101,246760,2386432
4/20/2021,2704567,62733,9242,600,247260,2394574
4/21/2021,2718494,63474,13927,741,246133,2408887
4/22/2021,2731264,64168,12770,694,231051,2436045
4/23/2021,2742127,64709,10863,541,213544,2463874
4/24/2021,2751637,65222,9510,513,198196,2488219
4/25/2021,2758872,65415,7235,193,184045,2509412
4/26/2021,2762325,65437,3453,22,175680,2521208
4/27/2021,2768032,65897,5707,460,167739,2534396
4/28/2021,2776926,66532,8894,635,155179,2555215
4/29/2021,2785346,67073,8420,541,142564,2575709
4/30/2021,2792148,67501,6802,428,131609,2593038
5/1/2021,2798621,67924,6473,423,122326,2608371
5/2/2021,2803231,68068,4610,144,115043,2620120
5/3/2021,2805756,68105,2525,37,110394,2627257
5/4/2021,2808055,68133,2299,28,103460,2636462
5/5/2021,2811947,68483,3892,350,93103,2650361
5/6/2021,2818378,68992,6431,509,86605,2662781
5/7/2021,2824431,69445,6053,453,81851,2673135
5/8/2021,2829200,69865,4769,420,77143,2682192
5/9/2021,2833051,70012,3851,147,74032,2689007
5/10/2021,2835082,70017,2031,5,72752,2692313
5/11/2021,2838084,70336,3002,319,69733,2698015
5/12/2021,2842032,70679,3948,343,64763,2706590
5/13/2021,2845726,71022,3694,343,60037,2714667
5/14/2021,2849015,71311,3289,289,56578,2721126
5/15/2021,2851912,71609,2897,298,52993,2727310
5/16/2021,2854081,71664,2169,55,50795,2731622
5/17/2021,2855190,71675,1109,11,49423,2734092
5/18/2021,2856917,71921,1727,246,48616,2736380
5/19/2021,2859265,72250,2348,329,46989,2740026
5/20/2021,2861352,72500,2087,250,42724,2746128
5/21/2021,2863030,72691,1678,191,38408,2751931
5/22/2021,2864547,72882,1517,191,35156,2756509
5/23/2021,2865622,72928,1075,46,32525,2760169
5/24/2021,2866187,72945,565,17,31088,2762154
5/25/2021,2867183,73096,996,151,28948,2765139
5/26/2021,2868422,73305,1239,209,26181,2768936
5/27/2021,2869649,73440,1227,135,23788,2772421
5/28/2021,2870596,73557,947,117,21464,2775575
5/29/2021,2871371,73682,775,125,19334,2778355
5/30/2021,2871950,73738,579,56,17813,2780399
5/31/2021,2872280,73745,330,7,17083,2781452
6/1/2021,2872863,73856,583,111,15835,2783172
6/2/2021,2873520,73984,657,128,14127,2785409
6/3/2021,2874092,74075,572,91,12649,2787368
6/4/2021,2874409,74101,317,26,11353,2788955
6/5/2021,2874824,74139,415,38,10239,2790446
6/6/2021,2875134,74152,310,13,9499,2791483
6/7/2021,2875329,74160,195,8,9134,2792035
6/8/2021,2875861,74255,532,95,8583,2793023
6/9/2021,2876285,74363,424,108,7755,2794167
6/10/2021,2876666,74447,381,84,6933,2795286
6/11/2021,2877004,74515,338,68,6340,2796149
6/12/2021,2877242,74562,238,47,5824,2796856
6/13/2021,2877468,74573,226,11,5507,2797388
6/14/2021,2877604,74574,136,1,5323,2797707
6/15/2021,2877820,74626,216,52,4905,2798289
6/16/2021,2878058,74688,238,62,4476,2798894
6/17/2021,2878276,74734,218,46,4138,2799404
6/18/2021,2878466,74782,190,48,4009,2799675
6/19/2021,2878634,74823,168,41,3769,2800042
6/20/2021,2878767,74828,133,5,3628,2800311
6/21/2021,2878842,74829,75,1,3512,2800501
6/22/2021,2879027,74858,185,29,3137,2801032
6/23/2021,2879189,74893,162,35,2869,2801427
6/24/2021,2879337,74917,148,24,2647,2801773
6/25/2021,2879469,74953,132,36,2429,2802087
6/26/2021,2879567,74974,98,21,2304,2802289
6/27/2021,2879637,74979,70,5,2164,2802494
6/28/2021,2879688,74979,51,0,2084,2802625
6/29/2021,2879808,75005,120,26,1962,2802841
6/30/2021,2879912,75021,104,16,1838,2803053
7/1/2021,2880011,75044,99,23,1712,2803255
7/2/2021,2880108,75065,97,21,1621,2803422
7/3/2021,2880216,75083,108,18,1564,2803569
7/4/2021,2880270,75084,54,1,1502,2803684
7/5/2021,2880307,75085,37,1,1464,2803758
7/6/2021,2880400,75093,93,8,1365,2803942
7/7/2021,2880503,75116,103,23,1291,2804096
7/8/2021,2880594,75135,91,19,1238,2804221
7/9/2021,2880669,75152,75,17,1183,2804334
7/10/2021,2880755,75159,86,7,1181,2804415
7/11/2021,2880821,75160,66,1,1183,2804478
7/12/2021,2880863,75160,42,0,1175,2804528
7/13/2021,2880960,75173,97,13,1139,2804648
7/14/2021,2881046,75179,86,6,1128,2804739
7/15/2021,2881148,75191,102,12,1125,2804832
7/16/2021,2881241,75205,93,14,1119,2804917
7/17/2021,2881355,75212,114,7,1132,2805011
7/18/2021,2881424,75215,69,3,1151,2805058
7/19/2021,2881490,75215,66,0,1183,2805092
7/20/2021,2881594,75219,104,4,1190,2805185
7/21/2021,2881714,75222,120,3,1208,2805284
7/22/2021,2881840,75231,126,9,1237,2805372
7/23/2021,2881944,75235,104,4,1271,2805438
7/24/2021,2882064,75241,120,6,1303,2805520
7/25/2021,2882146,75242,82,1,1324,2805580
7/26/2021,2882221,75242,75,0,1358,2805621
7/27/2021,2882327,75249,106,7,1360,2805718
7/28/2021,2882463,75252,136,3,1414,2805797
7/29/2021,2882633,75257,170,5,1480,2805896
7/30/2021,2882786,75259,153,2,1543,2805984
7/31/2021,2882938,75261,152,2,1581,2806096
8/1/2021,2883029,75261,91,0,1605,2806163
8/2/2021,2883120,75261,91,0,1630,2806229
8/3/2021,2883284,75265,164,4,1686,2806333
8/4/2021,2883448,75269,164,4,1730,2806449
8/5/2021,2883624,75275,176,6,1778,2806571
8/6/2021,2883795,75281,171,6,1845,2806669
8/7/2021,2883976,75285,181,4,1908,2806783
8/8/2021,2884098,75285,122,0,1952,2806861
8/9/2021,2884161,75285,63,0,1940,2806936
8/10/2021,2884359,75285,198,0,2032,2807042
8/11/2021,2884557,75289,198,4,2090,2807178
8/12/2021,2884778,75291,221,2,2143,2807344
8/13/2021,2884974,75297,196,6,2182,2807495
8/14/2021,2885185,75299,211,2,2245,2807641
8/15/2021,2885333,75299,148,0,2304,2807730
8/16/2021,2885455,75299,122,0,2335,2807821
8/17/2021,2885675,75306,220,7,2384,2807985
8/18/2021,2885882,75307,207,1,2433,2808142
8/19/2021,2886079,75311,197,4,2451,2808317
8/20/2021,2886291,75315,212,4,2492,2808484
8/21/2021,2886513,75316,222,1,2536,2808661
8/22/2021,2886698,75316,185,0,2600,2808782
8/23/2021,2886804,75316,106,0,2643,2808845
8/24/2021,2887036,75324,232,8,2669,2809043
8/25/2021,2887234,75329,198,5,2672,2809233
8/26/2021,2887481,75332,247,3,2700,2809449
8/27/2021,2887738,75335,257,3,2761,2809642
8/28/2021,2888027,75340,289,5,2837,2809850
8/29/2021,2888234,75340,207,0,2901,2809993
8/30/2021,2888385,75340,151,0,2930,2810115
8/31/2021,2888670,75345,285,5,2990,2810335
9/1/2021,2889022,75360,352,15,3125,2810537
9/2/2021,2889424,75367,402,7,3338,2810719
9/3/2021,2889772,75372,348,5,3476,2810924
9/4/2021,2890161,75379,389,7,3641,2811141
9/5/2021,2890483,75379,322,0,3785,2811319
9/6/2021,2890665,75379,182,0,3861,2811425
9/7/2021,2891069,75392,404,13,4020,2811657
9/8/2021,2891602,75403,533,11,4357,2811842
9/9/2021,2892114,75409,512,6,4627,2812078
9/10/2021,2892643,75417,529,8,4897,2812329
9/11/2021,2893173,75425,530,8,5138,2812610
9/12/2021,2893650,75425,477,0,5416,2812809
9/13/2021,2893918,75425,268,0,5533,2812960
9/14/2021,2894456,75433,538,8,5778,2813245
9/15/2021,2895225,75454,769,21,6182,2813589
9/16/2021,2895947,75465,722,11,6512,2813970
9/17/2021,2896598,75473,651,8,6818,2814307
9/18/2021,2897395,75487,797,14,7220,2814688
9/19/2021,2897936,75488,541,1,7452,2814996
9/20/2021,2898297,75488,361,0,7632,2815177
9/21/2021,2899006,75503,709,15,7922,2815581
9/22/2021,2899888,75523,882,20,8266,2816099
9/23/2021,2900861,75537,973,14,8733,2816591
9/24/2021,2901674,75551,813,14,9017,2817106
9/25/2021,2902591,75571,917,20,9398,2817622
9/26/2021,2903234,75572,643,1,9583,2818079
9/27/2021,2903656,75572,422,0,9738,2818346
9/28/2021,2904632,75601,976,29,10147,2818884
9/29/2021,2905863,75623,1231,22,10616,2819624
9/30/2021,2907070,75650,1207,27,11096,2820324
10/1/2021,2908432,75666,1362,16,11818,2820948
10/2/2021,2909776,75689,1344,23,12358,2821729
10/3/2021,2910865,75695,1089,6,12923,2822247
10/4/2021,2911551,75695,686,0,13254,2822602
10/5/2021,2912877,75741,1326,46,13825,2823311
10/6/2021,2914962,75774,2085,33,15041,2824147
10/7/2021,2916968,75803,2006,29,16078,2825087
10/8/2021,2918862,75835,1894,32,17156,2825871
10/9/2021,2920874,75864,2012,29,18254,2826756
10/10/2021,2922401,75869,1527,5,19162,2827370
10/11/2021,2923307,75869,906,0,19651,2827787
10/12/2021,2925425,75918,2118,49,20744,2828763
10/13/2021,2928064,75958,2639,40,22161,2829945
10/14/2021,2931063,76018,2999,60,23933,2831112
10/15/2021,2933833,76067,2770,49,25352,2832414
10/16/2021,2937067,76111,3234,44,27247,2833709
10/17/2021,2939589,76112,2522,1,28723,2834754
10/18/2021,2941125,76115,1536,3,29571,2835439
10/19/2021,2945057,76179,3932,64,32116,2836762
10/20/2021,2950615,76254,5558,75,35578,2838783
10/21/2021,2956217,76300,5602,46,39203,2840714
10/22/2021,2961926,76359,5709,59,43005,2842562
10/23/2021,2968199,76434,6273,75,47250,2844515
10/24/2021,2972930,76447,4731,13,50516,2845967
10/25/2021,2975878,76447,2948,0,52571,2846860
10/26/2021,2982148,76539,6270,92,56631,2848978
10/27/2021,2990513,76672,8365,133,62316,2851525
10/28/2021,2998907,76773,8394,101,67743,2854391
10/29/2021,3008302,76875,9395,102,74367,2857060
10/30/2021,3018102,76990,9800,115,80920,2860192
10/31/2021,3025257,76999,7155,9,85659,2862599
11/1/2021,3030154,77012,4897,13,89016,2864126
11/2/2021,3034673,77021,4519,9,89607,2868045
11/3/2021,3045098,77145,10425,124,94359,2873594
11/4/2021,3060614,77395,15516,250,104147,2879072
11/5/2021,3076523,77547,15909,152,114445,2884531
11/6/2021,3091727,77733,15204,186,123342,2890652
11/7/2021,3104218,77757,12491,24,131264,2895197
11/8/2021,3111535,77760,7317,3,135654,2898121
11/9/2021,3125175,77981,13640,221,142806,2904388
11/10/2021,3143730,78250,18555,269,152948,2912532
11/11/2021,3162804,78524,19074,274,163623,2920657
11/12/2021,3175775,78555,12971,31,167442,2929778
11/13/2021,3190067,78821,14292,266,171699,2939547
11/14/2021,3204511,78867,14444,46,179208,2946436
11/15/2021,3214044,78879,9533,12,183878,2951287
11/16/2021,3230636,79161,16592,282,195681,2955794
11/17/2021,3254905,79624,24269,463,209344,2965937
11/18/2021,3279804,79996,24899,372,218818,2980990
11/19/2021,3303050,80399,23246,403,226124,2996527
11/20/2021,3326505,80781,23455,382,234396,3011328
11/21/2021,3345429,80822,18924,41,241170,3023437
11/22/2021,3357762,80830,12333,8,246219,3030713
11/23/2021,3377749,81228,19987,398,252176,3044345
11/24/2021,3406144,81689,28395,461,261953,3062502
11/25/2021,3434331,82186,28187,497,271030,3081115
11/26/2021,3461072,82608,26741,422,284875,3093589
11/27/2021,3487252,82986,26180,378,296807,3107459
11/28/2021,3507846,83037,20594,51,303284,3121525
11/29/2021,3520987,83057,13141,20,306923,3131007
11/30/2021,3540073,83583,19086,526,308911,3147579
12/1/2021,3569135,84154,29062,571,313659,3171322
12/2/2021,3596487,84656,27352,502,316181,3195650
12/3/2021,3623451,85128,26964,472,319929,3218394
12/4/2021,3649032,85630,25581,502,322025,3241377
12/5/2021,3671421,85675,22389,45,325947,3259799
12/6/2021,3684674,85701,13253,26,326886,3272087
12/7/2021,3704047,86204,19373,503,325795,3292048
12/8/2021,3732590,86795,28543,591,325855,3319940
12/9/2021,3760045,87357,27455,562,325152,3347536
12/10/2021,3785034,87928,24989,571,323391,3373715
12/11/2021,3808796,88414,23762,486,321058,3399324
12/12/2021,3828246,88479,19450,65,320335,3419432
12/13/2021,3839625,88508,11379,29,318609,3432508
12/14/2021,3857083,89045,17458,537,316473,3451565
12/15/2021,3881348,89714,24265,669,311544,3480090
12/16/2021,3903445,90306,22097,592,306366,3506773
12/17/2021,3923467,90872,20022,566,299450,3533145
12/18/2021,3942864,91415,19397,543,293289,3558160
12/19/2021,3958841,91485,15977,70,287350,3580006
12/20/2021,3968451,91514,9610,29,283748,3593189
12/21/2021,3982249,92054,13798,540,277662,3612533
12/22/2021,4000264,92829,18015,775,266899,3640536
12/23/2021,4017404,93445,17140,616,256743,3667216
12/24/2021,4032797,94042,15393,597,247166,3691589
12/25/2021,4043586,94311,10789,269,234521,3714754
12/26/2021,4049836,94327,6250,16,221574,3733935
12/27/2021,4054872,94365,5036,38,215209,3745298
12/28/2021,4064711,94913,9839,548,207080,3762718
12/29/2021,4080283,95706,15572,793,198142,3786435
12/30/2021,4094602,96416,14319,710,190447,3807739
12/31/2021,4108216,97054,13614,638,184111,3827051
1/1/2022,4120249,97559,12033,505,176880,3845810
1/2/2022,4127429,97592,7180,33,168555,3861282
1/3/2022,4133848,97601,6419,9,165388,3870859
1/4/2022,4145519,98034,11671,433,162837,3884648
1/5/2022,4162716,98665,17197,631,161821,3902230
1/6/2022,4179291,99311,16575,646,161241,3918739
1/7/2022,4191190,99428,11899,117,158276,3933486
1/8/2022,4202091,99720,10901,292,158213,3944158
1/9/2022,4213199,99742,11108,22,163341,3950116
1/10/2022,4220980,99761,7781,19,166089,3955130
1/11/2022,4232386,100254,11406,493,167182,3964950
1/12/2022,4248555,100938,16169,684,167588,3980029
1/13/2022,4265435,101418,16880,480,170353,3993664
1/14/2022,4281479,101841,16044,423,172840,4006798
1/15/2022,4298369,102270,16890,429,177691,4018408
1/16/2022,4313037,102305,14668,35,185573,4025159
1/17/2022,4323478,102309,10441,4,189626,4031543
1/18/2022,4343132,102687,19654,378,197235,4043210
1/19/2022,4373718,103063,30586,376,210626,4060029
1/20/2022,4406552,103378,32834,315,226946,4076228
1/21/2022,4443219,103626,36667,248,251781,4087812
1/22/2022,4484130,103819,40911,193,281846,4098465
1/23/2022,4518215,103844,34085,25,304991,4109380
1/24/2022,4547365,103845,29150,1,326384,4117136
1/25/2022,4584356,104097,36991,252,351718,4128541
1/26/2022,4637776,104374,53420,277,388944,4144458
1/27/2022,4695438,104636,57662,262,429741,4161061
1/28/2022,4752695,104907,57257,271,470945,4176843
1/29/2022,4804426,105138,51731,231,505826,4193462
1/30/2022,4852674,105161,48248,23,539614,4207899
1/31/2022,4886156,105195,33482,34,562644,4218317
2/1/2022,4925270,105435,39114,240,581898,4237937
2/2/2022,4981321,105753,56051,318,607285,4268283
2/3/2022,5035798,106060,54477,307,628939,4300799
2/4/2022,5083331,106306,47533,246,639866,4337159
2/5/2022,5129077,106578,45746,272,644675,4377824
2/6/2022,5163780,106597,34703,19,645546,4411637
2/7/2022,5188184,106608,24404,11,640808,4440768
2/8/2022,5224144,106894,35960,286,639502,4477748
2/9/2022,5271016,107204,46872,310,632930,4530882
2/10/2022,5312405,107467,41389,263,616704,4588234
2/11/2022,5348888,107756,36483,289,595904,4645228
2/12/2022,5380219,108089,31331,333,575460,4696670
2/13/2022,5402289,108120,22070,31,549584,4744585
2/14/2022,5415762,108137,13473,17,529589,4778036
2/15/2022,5437632,108515,21870,378,511984,4817133
2/16/2022,5466386,108889,28754,374,484691,4872806
2/17/2022,5495292,109205,28906,316,459178,4926909
2/18/2022,5519260,109509,23968,304,435625,4974126
2/19/2022,5540154,109792,20894,283,410794,5019568
2/20/2022,5553857,109817,13703,25,390052,5053988
2/21/2022,5563425,109832,9568,15,375226,5078367
2/22/2022,5582224,110157,18799,325,357755,5114312
2/23/2022,5602664,110517,20440,360,331288,5160859
2/24/2022,5620922,110858,18258,341,308176,5201888
2/25/2022,5637646,111056,16724,198,288560,5238030
2/26/2022,5651591,111276,13945,220,271152,5269163
2/27/2022,5660490,111316,8899,40,258161,5291013
2/28/2022,5667050,111317,6560,1,251287,5304446
3/1/2022,5680030,111587,12980,270,242128,5326315
3/2/2022,5694759,111864,14729,277,228096,5354799
3/3/2022,5708833,112130,14074,266,213275,5383428
3/4/2022,5721304,112336,12471,206,201838,5407130
3/5/2022,5734042,112535,12738,199,193689,5427818
3/6/2022,5741737,112545,7695,10,187870,5441322
3/7/2022,5747346,112551,5609,6,183915,5450880
3/8/2022,5760523,112768,13177,217,178082,5469673
3/9/2022,5774925,113002,14402,234,172027,5489896
3/10/2022,5788359,113186,13434,184,167253,5507920
3/11/2022,5799993,113307,11634,121,162226,5524460
3/12/2022,5811107,113433,11114,126,159390,5538284
3/13/2022,5818684,113443,7577,10,158184,5547057
3/14/2022,5823977,113444,5293,1,156926,5553607
3/15/2022,5836667,113622,12690,178,156459,5566586
3/16/2022,5851140,113773,14473,151,156230,5581137
3/17/2022,5863412,113980,12272,207,154372,5595060
3/18/2022,5875067,114087,11655,107,153656,5607324
3/19/2022,5885444,114206,10377,119,151283,5619955
3/20/2022,5891139,114218,5695,12,149390,5627531
3/21/2022,5895314,114222,4175,4,147964,5633128
3/22/2022,5905451,114356,10137,134,144794,5646301
3/23/2022,5915882,114480,10431,124,140833,5660569
3/24/2022,5924866,114626,8984,146,136361,5673879
3/25/2022,5933102,114736,8236,110,132999,5685367
3/26/2022,5939733,114821,6631,85,128541,5696371
3/27/2022,5943226,114828,3493,7,124535,5703863
3/28/2022,5945592,114829,2366,1,121614,5709149
3/29/2022,5952198,114939,6606,110,115421,5721838
3/30/2022,5957934,115040,5736,101,106693,5736201
3/31/2022,5962917,115173,4983,133,99372,5748372
4/1/2022,5966968,115247,4051,74,91827,5759894
4/2/2022,5969064,115343,2096,96,83524,5770197
4/3/2022,5969621,115345,557,2,78480,5775796
4/4/2022,5970107,115345,486,0,74793,5779969
4/5/2022,5971986,115395,1879,50,66485,5790106
4/6/2022,5973553,115472,1567,77,57594,5800487
4/7/2022,5975034,115536,1481,64,50104,5809394
4/8/2022,5976359,115594,1325,58,43199,5817566
4/9/2022,5977775,115635,1416,41,38001,5824139
4/10/2022,5978215,115635,440,0,34989,5827591
4/11/2022,5978597,115635,382,0,33005,5829957
4/12/2022,5980217,115696,1620,61,27958,5836563
4/13/2022,5981478,115736,1261,40,23504,5842238
4/14/2022,5982663,115775,1185,39,19707,5847181
4/15/2022,5983862,115809,1199,34,16860,5851193
4/16/2022,5984939,115838,1077,29,15846,5853255
4/17/2022,5985251,115838,312,0,15630,5853783
4/18/2022,5985514,115838,263,0,15407,5854269
4/19/2022,5985814,115838,300,0,13828,5856148
4/20/2022,5987340,115869,1526,31,13756,5857715
4/21/2022,5988517,115899,1177,30,13453,5859165
4/22/2022,5989613,115926,1096,27,13227,5860460
4/23/2022,5990853,115948,1240,22,13056,5861849
4/24/2022,5991197,115948,344,0,12982,5862267
4/25/2022,5991464,115948,267,0,12867,5862649
4/26/2022,5992820,115977,1356,29,12574,5864269
4/27/2022,5993860,115998,1040,21,12361,5865501
4/28/2022,5994817,116022,957,24,12130,5866665
4/29/2022,5995672,116042,855,20,11790,5867840
4/30/2022,5996514,116059,842,17,11558,5868897
5/1/2022,5996747,116059,233,0,11496,5869192
5/2/2022,5996935,116059,188,0,11421,5869455
5/3/2022,5997825,116069,890,10,12001,5869755
5/4/2022,5997997,116070,172,1,10656,5871271
5/5/2022,5998906,116099,909,29,10360,5872447
5/6/2022,5999513,116124,607,25,9875,5873514
5/7/2022,6000217,116138,704,14,9350,5874729
5/8/2022,6000416,116138,199,0,9219,5875059
5/9/2022,6000600,116138,184,0,9136,5875326
5/10/2022,6001327,116149,727,11,8496,5876682
5/11/2022,6001894,116164,567,15,8019,5877711
5/12/2022,6002394,116175,500,11,7566,5878653
5/13/2022,6002863,116186,469,11,7180,5879497
5/14/2022,6003297,116207,434,21,6762,5880328
5/15/2022,6003436,116207,139,0,6689,5880540
5/16/2022,6003529,116207,93,0,6594,5880728
5/17/2022,6004039,116217,510,10,6204,5881618
5/18/2022,6004427,116230,388,13,6417,5881780
5/19/2022,6004786,116242,359,12,5868,5882676
5/20/2022,6005100,116255,314,13,5574,5883271
5/21/2022,6005436,116268,336,13,5206,5883962
5/22/2022,6005531,116268,95,0,5115,5884148
5/23/2022,6005595,116268,64,0,4995,5884332
5/24/2022,6006014,116284,419,16,4671,5885059
5/25/2022,6006298,116290,284,6,4398,5885610
5/26/2022,6006547,116299,249,9,4144,5886104
5/27/2022,6006807,116305,260,6,3938,5886564
5/28/2022,6007073,116311,266,6,3770,5886992
5/29/2022,6007155,116311,82,0,3719,5887125
5/30/2022,6007238,116311,83,0,3709,5887218
5/31/2022,6007584,116319,346,8,3537,5887728
6/1/2022,6007839,116326,255,7,3405,5888108
6/2/2022,6008059,116334,220,8,3265,5888460
6/3/2022,6008296,116338,237,4,3192,5888766
6/4/2022,6008550,116349,254,11,3103,5889098
6/5/2022,6008612,116349,62,0,3081,5889182
6/6/2022,6008664,116349,52,0,3069,5889246
6/7/2022,6009001,116355,337,6,2981,5889665
6/8/2022,6009205,116362,204,7,2900,5889943
6/9/2022,6009479,116368,274,6,2926,5890185
6/10/2022,6009726,116369,247,1,2918,5890439
6/11/2022,6009989,116371,263,2,2914,5890704
6/12/2022,6010045,116371,56,0,2890,5890784
6/13/2022,6010090,116371,45,0,2852,5890867
6/14/2022,6010409,116380,319,9,2816,5891213
6/15/2022,6010643,116387,234,7,2797,5891459
6/16/2022,6010871,116390,228,3,2809,5891672
6/17/2022,6010919,116390,48,0,2623,5891906
6/18/2022,6011174,116393,255,3,2621,5892160
6/19/2022,6011239,116393,65,0,2627,5892219
6/20/2022,6011286,116393,47,0,2622,5892271
6/21/2022,6011660,116400,374,7,2652,5892608
6/22/2022,6011983,116404,323,4,2774,5892805
6/23/2022,6012287,116405,304,1,2807,5893075
6/24/2022,6012635,116412,348,7,2902,5893321
6/25/2022,6012979,116417,344,5,2985,5893577
6/26/2022,6013076,116417,97,0,3031,5893628
6/27/2022,6013163,116417,87,0,3073,5893673
6/28/2022,6013859,116420,696,3,3447,5893992
6/29/2022,6014403,116424,544,4,3756,5894223
6/30/2022,6014991,116424,588,0,4120,5894447
7/1/2022,6015633,116429,642,5,4709,5894495
7/2/2022,6016249,116435,616,6,5069,5894745
7/3/2022,6016407,116435,158,0,5168,5894804
7/4/2022,6016526,116435,119,0,5240,5894851
7/5/2022,6017601,116437,1075,2,5939,5895225
7/6/2022,6018565,116440,964,3,6579,5895546
7/7/2022,6019633,116449,1068,9,7337,5895847
7/8/2022,6020679,116449,1046,0,8044,5896186
7/9/2022,6021943,116453,1264,4,8960,5896530
7/10/2022,6022227,116453,284,0,9151,5896623
7/11/2022,6022453,116453,226,0,9290,5896710
7/12/2022,6024487,116458,2034,5,10623,5897406
7/13/2022,6026134,116464,1647,6,11725,5897945
7/14/2022,6027973,116468,1839,4,12978,5898527
7/15/2022,6029947,116470,1974,2,14312,5899165
7/16/2022,6032078,116470,2131,0,15829,5899779
7/17/2022,6032475,116470,397,0,16068,5899937
7/18/2022,6032791,116470,316,0,16265,5900056
7/19/2022,6036040,116475,3249,5,18434,5901131
7/20/2022,6038892,116486,2852,11,20316,5902090
7/21/2022,6041885,116492,2993,6,22246,5903147
7/22/2022,6044918,116498,3033,6,24233,5904187
7/23/2022,6048410,116510,3492,12,26455,5905445
7/24/2022,6049051,116510,641,0,26824,5905717
7/25/2022,6049635,116510,584,0,27182,5905943
7/26/2022,6054741,116524,5106,14,30240,5907977
7/27/2022,6058432,116535,3691,11,32287,5909610
7/28/2022,6061941,116547,3509,12,33956,5911438
7/29/2022,6065329,116556,3388,9,35373,5913400
7/30/2022,6069014,116570,3685,14,36922,5915522
7/31/2022,6069664,116570,650,0,37189,5915905
8/1/2022,6070278,116570,614,0,37487,5916221
8/2/2022,6075919,116592,5641,22,39857,5919470
8/3/2022,6080395,116608,4476,16,41487,5922300
8/4/2022,6084871,116628,4476,20,42966,5925277
8/5/2022,6089161,116645,4290,17,44226,5928290
8/6/2022,6093571,116660,4410,15,45146,5931765
8/7/2022,6094269,116660,698,0,45218,5932391
8/8/2022,6094863,116660,594,0,45228,5932975
8/9/2022,6100824,116686,5961,26,46057,5938081
8/10/2022,6105300,116717,4476,31,46837,5941746
8/11/2022,6109617,116737,4317,20,47656,5945224
8/12/2022,6113840,116751,4223,14,48497,5948592
8/13/2022,6118482,116773,4642,22,49446,5952263
8/14/2022,6119256,116773,774,0,49592,5952891
8/15/2022,6120027,116773,771,0,49749,5953505
8/16/2022,6120831,116773,804,0,44912,5959146
8/17/2022,6128003,116798,7172,25,47583,5963622
8/18/2022,6133274,116826,5271,28,48375,5968073
8/19/2022,6138090,116860,4816,34,48895,5972335
8/20/2022,6142916,116881,4826,21,49324,5976711
8/21/2022,6143682,116881,766,0,49413,5977388
8/22/2022,6144400,116881,718,0,49537,5977982
8/23/2022,6150572,116909,6172,28,49720,5983943
8/24/2022,6154965,116936,4393,27,49638,5988391
8/25/2022,6158815,116967,3850,31,49167,5992681
8/26/2022,6162662,117007,3847,40,48782,5996873
8/27/2022,6166595,117030,3933,23,48090,6001475
8/28/2022,6167203,117030,608,0,47947,6002226
8/29/2022,6167753,117030,550,0,47726,6002997
8/30/2022,6173045,117059,5292,29,52185,6003801
8/31/2022,6176882,117093,3837,34,48845,6010944
9/1/2022,6180222,117119,3340,26,46922,6016181
9/2/2022,6183673,117130,3451,11,45572,6020971
9/3/2022,6186948,117153,3275,23,44009,6025786
9/4/2022,6187448,117153,500,0,43766,6026529
9/5/2022,6187920,117153,472,0,43520,6027247
9/6/2022,6193763,117174,5843,21,43170,6033419
9/7/2022,6198209,117194,4446,20,43224,6037791
9/8/2022,6202429,117219,4220,25,43589,6041621
9/9/2022,6206982,117233,4553,14,44306,6045443
9/10/2022,6211955,117252,4973,19,45341,6049362
9/11/2022,6212603,117252,648,0,45400,6049951
9/12/2022,6213256,117252,653,0,45503,6050501
9/13/2022,6221125,117280,7869,28,48052,6055793
9/14/2022,6227256,117299,6131,19,50355,6059602
9/15/2022,6233113,117316,5857,17,52874,6062923
9/16/2022,6238540,117341,5427,25,54842,6066357
9/17/2022,6243975,117351,5435,10,57017,6069607
9/18/2022,6244650,117351,675,0,57202,6070097
9/19/2022,6245367,117351,717,0,57447,6070569
9/20/2022,6253041,117366,7674,15,59263,6076412
9/21/2022,6258671,117391,5630,25,60437,6080843
9/22/2022,6263611,117412,4940,21,61161,6085038
9/23/2022,6268049,117431,4438,19,61048,6089570
9/24/2022,6272576,117456,4527,25,60596,6094524
9/25/2022,6273317,117456,741,0,60714,6095147
9/26/2022,6274046,117456,729,0,60790,6095800
9/27/2022,6280524,117481,6478,25,59374,6103669
9/28/2022,6285397,117509,4873,28,58113,6109775
9/29/2022,6289668,117539,4271,30,56525,6115604
9/30/2022,6293555,117569,3887,30,54985,6121001
10/1/2022,6297123,117598,3568,29,53119,6126406
10/2/2022,6297430,117598,307,0,52780,6127052
10/3/2022,6297656,117598,226,0,52289,6127769
10/4/2022,6302275,117631,4619,33,49201,6135443
10/5/2022,6305458,117660,3183,29,46758,6141040
10/6/2022,6308344,117702,2886,42,44691,6145951
10/7/2022,6310962,117743,2618,41,42872,6150347
10/8/2022,6314703,117756,3741,13,42114,6154833
10/9/2022,6315166,117756,463,0,41849,6155561
10/10/2022,6315545,117756,379,0,41499,6156290
10/11/2022,6318838,117801,3293,45,38269,6162768
10/12/2022,6321198,117823,2360,22,35779,6167596
10/13/2022,6323105,117847,1907,24,33413,6171845
10/14/2022,6324852,117869,1747,22,31275,6175708
10/15/2022,6326445,117900,1593,31,29291,6179254
10/16/2022,6326748,117900,303,0,29318,6179530
10/17/2022,6327032,117900,284,0,29376,6179756
10/18/2022,6329291,117931,2259,31,26985,6184375
10/19/2022,6330903,117973,1612,42,25403,6187527
10/20/2022,6332421,117991,1518,18,24059,6190371
10/21/2022,6333588,118015,1167,24,22602,6192971
10/22/2022,6334706,118029,1118,14,19989,6196688
10/23/2022,6334887,118029,181,0,19721,6197137
10/24/2022,6335058,118029,171,0,19513,6197516
10/25/2022,6336533,118050,1475,21,17674,6200809
10/26/2022,6337555,118073,1022,23,16334,6203148
10/27/2022,6338530,118095,975,22,15403,6205032
10/28/2022,6339321,118107,791,12,14457,6206757
10/29/2022,6340127,118124,806,17,13665,6208338
10/30/2022,6340285,118124,158,0,13537,6208624
10/31/2022,6340434,118124,149,0,13402,6208908
11/1/2022,6341296,118131,862,7,11998,6211167
11/2/2022,6341449,118131,153,0,10546,6212772
11/3/2022,6342404,118143,955,12,9971,6214290
11/4/2022,6343097,118157,693,14,9495,6215445
11/5/2022,6343675,118170,578,13,8956,6216549
11/6/2022,6343775,118170,100,0,8888,6216717
11/7/2022,6343905,118170,130,0,8847,6216888
11/8/2022,6344650,118178,745,8,8109,6218363
11/9/2022,6345187,118195,537,17,7615,6219377
11/10/2022,6345679,118205,492,10,7139,6220335
11/11/2022,6346155,118210,476,5,6829,6221116
11/12/2022,6346228,118210,73,0,6101,6221917
11/13/2022,6346312,118210,84,0,6027,6222075
11/14/2022,6346397,118210,85,0,5963,6222224
11/15/2022,6347084,118227,687,17,5771,6223086
11/16/2022,6347590,118242,506,15,6126,6223222
11/17/2022,6348021,118252,431,10,5607,6224162
11/18/2022,6348379,118267,358,15,5267,6224845
11/19/2022,6348771,118274,392,7,5089,6225408
11/20/2022,6348842,118274,71,0,5067,6225501
11/21/2022,6348928,118274,86,0,5023,6225631
11/22/2022,6349524,118282,596,8,4866,6226376
11/23/2022,6349973,118292,449,10,4776,6226905
11/24/2022,6350427,118296,454,4,4744,6227387
11/25/2022,6350816,118298,389,2,4659,6227859
11/26/2022,6351237,118306,421,8,5001,6227930
11/27/2022,6351314,118306,77,0,5002,6228006
11/28/2022,6351407,118306,93,0,5010,6228091
11/29/2022,6352171,118313,764,7,5080,6228778
11/30/2022,6352755,118319,584,6,5159,6229277
12/1/2022,6353308,118328,553,9,5278,6229702
12/2/2022,6353850,118332,542,4,5467,6230051
12/3/2022,6354297,118340,447,8,5518,6230439
12/4/2022,6354402,118340,105,0,5560,6230502
12/5/2022,6354511,118340,109,0,5583,6230588
12/6/2022,6355424,118346,913,6,5894,6231184
12/7/2022,6356081,118350,657,4,6104,6231627
12/8/2022,6356729,118365,648,15,6287,6232077
12/9/2022,6356978,118371,249,6,6156,6232451
12/10/2022,6357366,118382,388,11,6118,6232866
12/11/2022,6357489,118382,123,0,6175,6232932
12/12/2022,6357697,118382,208,0,6290,6233025
12/13/2022,6358785,118389,1088,7,6607,6233789
12/14/2022,6359555,118395,770,6,6794,6234366
12/15/2022,6360239,118412,684,17,6914,6234913
12/16/2022,6360843,118419,604,7,6986,6235438
12/17/2022,6361464,118429,621,10,7157,6235878
12/18/2022,6361588,118429,124,0,7186,6235973
12/19/2022,6361718,118429,130,0,7207,6236082
12/20/2022,6362604,118436,886,7,7173,6236995
12/21/2022,6363329,118448,725,12,7236,6237645
12/22/2022,6364047,118452,718,4,7314,6238281
12/23/2022,6364707,118467,660,15,7714,6238526
12/24/2022,6365357,118475,650,8,7983,6238899
12/25/2022,6365476,118475,119,0,7987,6239014
12/26/2022,6365638,118475,162,0,7941,6239222
12/27/2022,6365819,118475,181,0,7034,6240310
12/28/2022,6366620,118481,801,6,7059,6241080
12/29/2022,6367221,118503,601,22,6960,6241758
12/30/2022,6367856,118512,635,9,7004,6242340
12/31/2022,6368478,118533,622,21,6993,6242952
1/1/2023,6368631,118533,153,0,7043,6243055
1/2/2023,6368749,118533,118,0,7031,6243185
1/3/2023,6369438,118546,689,13,6821,6244071
1/4/2023,6370007,118555,569,9,6669,6244783
1/5/2023,6370533,118567,526,12,6474,6245492
1/6/2023,6370996,118586,463,19,6270,6246140
1/7/2023,6371116,118586,120,0,5759,6246771
1/8/2023,6371259,118586,143,0,5783,6246890
1/9/2023,6371362,118586,103,0,5724,6247052
1/10/2023,6371866,118601,504,15,6032,6247233
1/11/2023,6372235,118615,369,14,5601,6248019
1/12/2023,6372577,118633,342,18,5338,6248606
1/13/2023,6372898,118640,321,7,5035,6249223
1/14/2023,6373238,118651,340,11,4749,6249838
1/15/2023,6373315,118651,77,0,4684,6249980
1/16/2023,6373366,118651,51,0,4617,6250098
1/17/2023,6373879,118660,513,9,4432,6250787
1/18/2023,6374257,118666,378,6,4244,6251347
1/19/2023,6374645,118675,388,9,4103,6251867
1/20/2023,6374975,118678,330,3,3976,6252321
1/21/2023,6375390,118681,415,3,4271,6252438
1/22/2023,6375463,118681,73,0,4204,6252578
1/23/2023,6375527,118681,64,0,4165,6252681
1/24/2023,6376214,118696,687,15,4333,6253185
1/25/2023,6376708,118702,494,6,4467,6253539
1/26/2023,6377240,118705,532,3,4660,6253875
1/27/2023,6377779,118713,539,8,4873,6254193
1/28/2023,6378299,118715,520,2,5059,6254525
1/29/2023,6378349,118715,50,0,5034,6254600
1/30/2023,6378402,118715,53,0,5036,6254651
1/31/2023,6379389,118727,987,12,5498,6255164
2/1/2023,6380225,118736,836,9,5959,6255530
2/2/2023,6381031,118740,806,4,6382,6255909
2/3/2023,6382155,118743,1124,3,7177,6256235
2/4/2023,6382975,118748,820,5,7580,6256647
2/5/2023,6383096,118748,121,0,7633,6256715
2/6/2023,6383223,118748,127,0,7696,6256779
2/7/2023,6384669,118754,1446,6,8449,6257466
2/8/2023,6385878,118762,1209,8,9162,6257954
2/9/2023,6387047,118767,1169,5,9802,6258478
2/10/2023,6388222,118775,1175,8,10435,6259012
2/11/2023,6389572,118779,1350,4,11269,6259524
2/12/2023,6389741,118779,169,0,11392,6259570
2/13/2023,6389940,118779,199,0,11538,6259623
2/14/2023,6392255,118785,2315,6,12860,6260610
2/15/2023,6394129,118800,1874,15,13889,6261440
2/16/2023,6396104,118809,1975,9,15064,6262231
2/17/2023,6398022,118817,1918,8,15859,6263346
2/18/2023,6400051,118826,2029,9,17067,6264158
2/19/2023,6400331,118826,280,0,17235,6264270
2/20/2023,6400605,118826,274,0,17382,6264397
2/21/2023,6404029,118833,3424,7,19353,6265843
2/22/2023,6406796,118840,2767,7,20911,6267045
2/23/2023,6409604,118850,2808,10,22547,6268207
2/24/2023,6412258,118860,2654,10,24026,6269372
2/25/2023,6414853,118868,2595,8,25273,6270712
2/26/2023,6415279,118868,426,0,25538,6270873
2/27/2023,6415708,118868,429,0,25768,6271072
2/28/2023,6419475,118884,3767,16,27204,6273387
3/1/2023,6422464,118898,2989,14,28321,6275245
3/2/2023,6425492,118924,3028,26,29362,6277206
3/3/2023,6428776,118941,3284,17,30737,6279098
3/4/2023,6431888,118952,3112,11,31826,6281110
3/5/2023,6432315,118952,427,0,31984,6281379
3/6/2023,6432765,118952,450,0,32160,6281653
3/7/2023,6437594,118970,4829,18,33547,6285077
3/8/2023,6441498,118989,3904,19,34683,6287826
3/9/2023,6444956,119010,3458,21,35331,6290615
3/10/2023,6448575,119016,3619,6,36311,6293248
3/11/2023,6452207,119030,3632,14,37340,6295837
3/12/2023,6452686,119030,479,0,37407,6296249
3/13/2023,6453218,119030,532,0,37510,6296678
3/14/2023,6458298,119046,5080,16,38807,6300445
3/15/2023,6462364,119072,4066,26,39874,6303418
3/16/2023,6466017,119101,3653,29,40496,6306420
3/17/2023,6469376,119109,3359,8,40592,6309675
3/18/2023,6472578,119136,3202,27,40663,6312779
3/19/2023,6473007,119136,429,0,40692,6313179
3/20/2023,6473397,119138,390,2,40630,6313629
3/21/2023,6477599,119170,4202,32,39973,6318456
3/22/2023,6480647,119199,3048,29,39120,6322328
3/23/2023,6483368,119216,2721,17,38395,6325757
3/24/2023,6485713,119231,2345,15,37123,6329359
3/25/2023,6488072,119244,2359,13,35852,6332976
3/26/2023,6488374,119245,302,1,35687,6333442
3/27/2023,6488701,119245,327,0,35483,6333973
3/28/2023,6491415,119265,2714,20,33097,6339053
3/29/2023,6493175,119296,1760,31,30780,6343099
3/30/2023,6494715,119330,1540,34,28664,6346721
3/31/2023,6496174,119346,1459,16,26782,6350046
4/1/2023,6497517,119361,1343,15,24924,6353232
4/2/2023,6497722,119361,205,0,24715,6353646
4/3/2023,6497954,119361,232,0,24557,6354036
4/4/2023,6499731,119378,1777,17,22115,6358238
4/5/2023,6500968,119391,1237,13,20308,6361269
4/6/2023,6502137,119406,1169,15,18754,6363977
4/7/2023,6503080,119419,943,13,17354,6366307
4/8/2023,6503917,119423,837,4,15841,6368653
4/9/2023,6504078,119423,161,0,15704,6368951
4/10/2023,6504194,119423,116,0,15493,6369278
4/11/2023,6504337,119423,143,0,12922,6371992
4/12/2023,6505724,119432,1387,9,12540,6373752
4/13/2023,6506813,119453,1089,21,12077,6375283
4/14/2023,6507724,119467,911,14,11536,6376721
4/15/2023,6508636,119480,912,13,11106,6378050
4/16/2023,6508740,119482,104,2,11016,6378242
4/17/2023,6508845,119482,105,0,10891,6378472
4/18/2023,6509836,119494,991,12,10093,6380249
4/19/2023,6510467,119496,631,2,9497,6381474
4/20/2023,6510977,119504,510,8,8832,6382641
4/21/2023,6511432,119513,455,9,8343,6383576
4/22/2023,6511877,119520,445,7,7953,6384404
4/23/2023,6511950,119520,73,0,7872,6384558
4/24/2023,6512024,119520,74,0,7830,6384674
4/25/2023,6512571,119531,547,11,8223,6384817
4/26/2023,6512922,119540,351,9,7189,6386193
4/27/2023,6513264,119546,342,6,6445,6387273
4/28/2023,6513550,119551,286,5,5821,6388178
4/29/2023,6513804,119555,254,4,5164,6389085
4/30/2023,6513849,119555,45,0,5109,6389185
5/1/2023,6513902,119555,53,0,5057,6389290
5/2/2023,6513945,119555,43,0,4109,6390281
5/3/2023,6514192,119557,247,2,3723,6390912
5/4/2023,6514251,119557,59,0,3274,6391420
5/5/2023,6514502,119559,251,2,3068,6391875
5/6/2023,6514736,119563,234,4,2855,6392318
5/7/2023,6514780,119563,44,0,2830,6392387
5/8/2023,6514813,119563,33,0,2789,6392461
5/9/2023,6514995,119568,182,5,2419,6393008
5/10/2023,6515154,119574,159,6,2226,6393354
5/11/2023,6515300,119575,146,1,2035,6393690
5/12/2023,6515413,119581,113,6,1857,6393975
5/13/2023,6515557,119585,144,4,1749,6394223
5/14/2023,6515583,119585,26,0,1734,6394264
5/15/2023,6515598,119585,15,0,1696,6394317
5/16/2023,6515776,119590,178,5,1826,6394360
5/17/2023,6515889,119594,113,4,1693,6394602
5/18/2023,6516030,119595,141,1,1778,6394657
5/19/2023,6516127,119595,97,0,1625,6394907
5/20/2023,6516215,119595,88,0,1479,6395141
5/21/2023,6516234,119596,19,1,1453,6395185
5/22/2023,6516259,119596,25,0,1446,6395217
5/23/2023,6516424,119600,165,4,1425,6395399
5/24/2023,6516516,119603,92,3,1359,6395554
5/25/2023,6516588,119606,72,3,1285,6395697
5/26/2023,6516669,119608,81,2,1254,6395807
5/27/2023,6516735,119609,66,1,1177,6395949
5/28/2023,6516744,119609,9,0,1161,6395974
5/29/2023,6516768,119609,24,0,1170,6395989
5/30/2023,6516853,119610,85,1,1076,6396167
5/31/2023,6516915,119610,62,0,1026,6396279
6/1/2023,6517002,119615,87,5,967,6396420
6/2/2023,6517066,119615,64,0,939,6396512
6/3/2023,6517116,119617,50,2,899,6396600
6/4/2023,6517129,119617,13,0,895,6396617
6/5/2023,6517145,119617,16,0,886,6396642
6/6/2023,6517199,119617,54,0,775,6396807
6/7/2023,6517256,119619,57,2,738,6396899
6/8/2023,6517321,119621,65,2,731,6396969
6/9/2023,6517330,119621,9,0,661,6397048
6/10/2023,6517379,119622,49,1,643,6397114
6/11/2023,6517389,119622,10,0,645,6397122
6/12/2023,6517395,119622,6,0,627,6397146
6/13/2023,6517448,119622,53,0,595,6397231
6/14/2023,6517494,119622,46,0,579,6397293
6/15/2023,6517529,119622,35,0,527,6397380
6/16/2023,6517557,119622,28,0,491,6397444
6/17/2023,6517587,119623,30,1,470,6397494
6/18/2023,6517590,119623,3,0,461,6397506
6/19/2023,6517599,119623,9,0,454,6397522
6/20/2023,6517642,119624,43,1,442,6397576
6/21/2023,6517673,119624,31,0,417,6397632
6/22/2023,6517702,119624,29,0,381,6397697
6/23/2023,6517732,119624,30,0,402,6397706
6/24/2023,6517764,119624,32,0,385,6397755
6/25/2023,6517769,119624,5,0,380,6397765
6/26/2023,6517770,119624,1,0,375,6397771
6/27/2023,6517794,119624,24,0,346,6397824
6/28/2023,6517822,119624,28,0,328,6397870
6/29/2023,6517836,119626,14,2,305,6397905
6/30/2023,6517852,119626,16,0,295,6397931
7/1/2023,6517866,119627,14,1,278,6397961
7/2/2023,6517870,119627,4,0,280,6397963
7/3/2023,6517872,119627,2,0,273,6397972
7/4/2023,6517892,119627,20,0,250,6398015
7/5/2023,6517903,119629,11,2,228,6398046
7/6/2023,6517914,119630,11,1,211,6398073
7/7/2023,6517920,119630,6,0,188,6398102
7/8/2023,6517936,119630,16,0,172,6398134
7/9/2023,6517937,119630,1,0,168,6398139
7/10/2023,6517938,119630,1,0,168,6398140
7/11/2023,6517958,119630,20,0,164,6398164
7/12/2023,6517969,119632,11,2,145,6398192
7/13/2023,6517989,119632,20,0,153,6398204
7/14/2023,6518002,119632,13,0,150,6398220
7/15/2023,6518016,119632,14,0,150,6398234
7/16/2023,6518018,119632,2,0,148,6398238
7/17/2023,6518021,119632,3,0,149,6398240
7/18/2023,6518036,119632,15,0,144,6398260
7/19/2023,6518046,119632,10,0,143,6398271
7/20/2023,6518058,119632,12,0,144,6398282
7/21/2023,6518070,119632,12,0,150,6398288
7/22/2023,6518085,119632,15,0,149,6398304
7/23/2023,6518089,119632,4,0,152,6398305
7/24/2023,6518093,119632,4,0,155,6398306
7/25/2023,6518105,119633,12,1,146,6398326
7/26/2023,6518116,119633,11,0,147,6398336
7/27/2023,6518122,119635,6,2,131,6398356
7/28/2023,6518129,119635,7,0,127,6398367
7/29/2023,6518135,119635,6,0,119,6398381
7/30/2023,6518136,119635,1,0,118,6398383
7/31/2023,6518138,119635,2,0,117,6398386
8/1/2023,6518166,119635,28,0,130,6398401
8/2/2023,6518183,119635,17,0,137,6398411
8/3/2023,6518190,119635,7,0,132,6398423
8/4/2023,6518209,119635,19,0,139,6398435
8/5/2023,6518227,119635,18,0,142,6398450
8/6/2023,6518230,119635,3,0,141,6398454
8/7/2023,6518230,119635,0,0,137,6398458
8/8/2023,6518251,119635,21,0,146,6398470
8/9/2023,6518273,119635,22,0,157,6398481
8/10/2023,6518296,119635,23,0,174,6398487
8/11/2023,6518324,119635,28,0,195,6398494
8/12/2023,6518350,119635,26,0,215,6398500
8/13/2023,6518355,119635,5,0,219,6398501
8/14/2023,6518359,119635,4,0,221,6398503
8/15/2023,6518400,119636,41,1,233,6398531
8/16/2023,6518403,119636,3,0,220,6398547
8/17/2023,6518452,119636,49,0,262,6398554
8/18/2023,6518496,119636,44,0,287,6398573
8/19/2023,6518541,119637,45,1,313,6398591
8/20/2023,6518543,119637,2,0,313,6398593
8/21/2023,6518546,119637,3,0,316,6398593
8/22/2023,6518595,119637,49,0,344,6398614
8/23/2023,6518663,119638,68,1,389,6398636
8/24/2023,6518709,119638,46,0,413,6398658
8/25/2023,6518747,119638,38,0,423,6398686
8/26/2023,6518787,119638,40,0,437,6398712
8/27/2023,6518795,119638,8,0,440,6398717
8/28/2023,6518800,119638,5,0,441,6398721
8/29/2023,6518884,119638,84,0,484,6398762
8/30/2023,6518959,119639,75,1,555,6398765
8/31/2023,6519046,119640,87,1,593,6398813
9/1/2023,6519095,119640,49,0,599,6398856
9/2/2023,6519156,119640,61,0,615,6398901
9/3/2023,6519164,119640,8,0,621,6398903
9/4/2023,6519169,119640,5,0,623,6398906
9/5/2023,6519269,119640,100,0,674,6398955
9/6/2023,6519367,119641,98,1,703,6399023
9/7/2023,6519472,119641,105,0,763,6399068
9/8/2023,6519567,119642,95,1,819,6399106
9/9/2023,6519692,119642,125,0,905,6399145
9/10/2023,6519703,119642,11,0,908,6399153
9/11/2023,6519714,119642,11,0,914,6399158
9/12/2023,6519908,119642,194,0,1024,6399242
9/13/2023,6520073,119643,165,1,1113,6399317
9/14/2023,6520269,119643,196,0,1223,6399403
9/15/2023,6520443,119643,174,0,1348,6399452
9/16/2023,6520625,119644,182,1,1468,6399513
9/17/2023,6520636,119644,11,0,1472,6399520
9/18/2023,6520651,119644,15,0,1482,6399525
9/19/2023,6520927,119644,276,0,1658,6399625
9/20/2023,6521187,119644,260,0,1820,6399723
9/21/2023,6521417,119644,230,0,1945,6399828
9/22/2023,6521630,119645,213,1,2062,6399923
9/23/2023,6521848,119646,218,1,2155,6400047
9/24/2023,6521857,119646,9,0,2154,6400057
9/25/2023,6521870,119646,13,0,2156,6400068
9/26/2023,6522227,119650,357,4,2315,6400262
9/27/2023,6522505,119650,278,0,2432,6400423
9/28/2023,6522758,119650,253,0,2489,6400619
9/29/2023,6523034,119651,276,1,2590,6400793
9/30/2023,6523278,119653,244,2,2651,6400974
10/1/2023,6523292,119653,14,0,2656,6400983
10/2/2023,6523300,119653,8,0,2649,6400998
10/3/2023,6523649,119653,349,0,2722,6401274
10/4/2023,6523940,119653,291,0,2753,6401534
10/5/2023,6524199,119654,259,1,2781,6401764
10/6/2023,6524464,119654,265,0,2834,6401976
10/7/2023,6524713,119654,249,0,2865,6402194
10/8/2023,6524722,119654,9,0,2865,6402203
10/9/2023,6524735,119654,13,0,2865,6402216
10/10/2023,6525169,119654,434,0,2942,6402573
10/11/2023,6525473,119655,304,1,2967,6402851
10/12/2023,6525754,119655,281,0,2996,6403103
10/13/2023,6526081,119655,327,0,3047,6403379
10/14/2023,6526427,119656,346,1,3148,6403623
10/15/2023,6526461,119656,34,0,3169,6403636
10/16/2023,6526477,119656,16,0,3177,6403644
10/17/2023,6527077,119657,600,1,3427,6403993
10/18/2023,6527553,119661,476,4,3609,6404283
10/19/2023,6528016,119661,463,0,3817,6404538
10/20/2023,6528463,119661,447,0,3999,6404803
10/21/2023,6528921,119664,458,3,4205,6405052
10/22/2023,6528954,119664,33,0,4232,6405058
10/23/2023,6529000,119664,46,0,4265,6405071
10/24/2023,6529896,119664,896,0,4727,6405505
10/25/2023,6530685,119666,789,2,5210,6405809
10/26/2023,6531438,119668,753,2,5682,6406088
10/27/2023,6532109,119676,671,8,6020,6406413
10/28/2023,6532844,119685,735,9,6408,6406751
10/29/2023,6532891,119685,47,0,6430,6406776
10/30/2023,6532934,119685,43,0,6457,6406792
10/31/2023,6534037,119686,1103,1,6959,6407392
11/1/2023,6534911,119688,874,2,7356,6407867
11/2/2023,6534963,119688,52,0,6947,6408328
11/3/2023,6536052,119690,1089,2,7587,6408775
11/4/2023,6537082,119694,1030,4,8157,6409231
11/5/2023,6537141,119694,59,0,8187,6409260
11/6/2023,6537191,119694,50,0,8191,6409306
11/7/2023,6538832,119698,1641,4,8932,6410202
11/8/2023,6540023,119701,1191,3,9335,6410987
11/9/2023,6541192,119708,1169,7,9747,6411737
11/10/2023,6542232,119716,1040,8,10115,6412401
11/11/2023,6543229,119720,997,4,10381,6413128
11/12/2023,6543342,119720,113,0,10451,6413171
11/13/2023,6543418,119720,76,0,10484,6413214
11/14/2023,6545231,119724,1813,4,11190,6414317
11/15/2023,6546673,119729,1442,5,11757,6415187
11/16/2023,6547970,119733,1297,4,13003,6415234
11/17/2023,6549300,119736,1330,3,13245,6416319
11/18/2023,6550710,119744,1410,8,13620,6417346
11/19/2023,6550803,119744,93,0,13662,6417397
11/20/2023,6550880,119744,77,0,13689,6417447
11/21/2023,6553239,119752,2359,8,14399,6419088
11/22/2023,6555172,119753,1933,1,15148,6420271
11/23/2023,6556761,119792,1589,39,15530,6421439
11/24/2023,6558729,119800,1968,8,16489,6422440
11/25/2023,6560391,119808,1662,8,17154,6423429
11/26/2023,6560493,119808,102,0,17151,6423534
11/27/2023,6560589,119808,96,0,17171,6423610
11/28/2023,6563748,119814,3159,6,18511,6425423
11/29/2023,6566253,119819,2505,5,19575,6426859
11/30/2023,6568631,119824,2378,5,20656,6428151
12/1/2023,6571043,119833,2412,9,21734,6429476
12/2/2023,6573397,119838,2354,5,22682,6430877
12/3/2023,6573514,119838,117,0,22711,6430965
12/4/2023,6573698,119838,184,0,22818,6431042
12/5/2023,6577872,119843,4174,5,24628,6433401
12/6/2023,6581282,119853,3410,10,26100,6435329
12/7/2023,6584416,119871,3134,18,27637,6436908
12/8/2023,6587370,119879,2954,8,28633,6438858
12/9/2023,6590363,119885,2993,6,29966,6440512
12/10/2023,6590534,119885,171,0,30041,6440608
12/11/2023,6590702,119885,168,0,30113,6440704
12/12/2023,6595481,119893,4779,8,31725,6443863
12/13/2023,6599306,119927,3825,34,33019,6446360
12/14/2023,6602795,119952,3489,25,34139,6448704
12/15/2023,6605710,119992,2915,40,34627,6451091
12/16/2023,6608707,120017,2997,25,35285,6453405
12/17/2023,6608906,120017,199,0,35392,6453497
12/18/2023,6609073,120017,167,0,35375,6453681
12/19/2023,6613231,120052,4158,35,35324,6457855
12/20/2023,6616496,120079,3265,27,35187,6461230
12/21/2023,6619341,120108,2845,29,34896,6464337
12/22/2023,6622085,120130,2744,22,34693,6467262
12/23/2023,6624388,120158,2303,28,33997,6470233
12/24/2023,6624527,120158,139,0,33993,6470376
12/25/2023,6624623,120158,96,0,33921,6470544
12/26/2023,6624723,120158,100,0,29242,6475323
12/27/2023,6624866,120158,143,0,25560,6479148
12/28/2023,6627575,120180,2709,22,24758,6482637
12/29/2023,6629600,120210,2025,30,23860,6485530
12/30/2023,6631817,120237,2217,27,23083,6488497
12/31/2023,6631970,120237,153,0,23064,6488669
1/1/2024,6632040,120237,70,0,22967,6488836
1/2/2024,6632105,120237,65,0,18874,6492994
1/3/2024,6633985,120251,1880,14,17475,6496259
1/4/2024,6637041,120269,3056,18,17682,6499090
1/5/2024,6639270,120297,2229,28,17157,6501816
1/6/2024,6640434,120316,1164,19,16027,6504091
1/7/2024,6640521,120316,87,0,15994,6504211
1/8/2024,6640611,120316,90,0,15988,6504307
1/9/2024,6642044,120323,1433,7,17314,6504407
1/10/2024,6642962,120344,918,21,18075,6504543
1/11/2024,6643818,120352,856,8,16235,6507231
1/12/2024,6644652,120368,834,16,15036,6509248
1/13/2024,6645452,120384,800,16,13619,6511449
1/14/2024,6645514,120384,62,0,13544,6511586
1/15/2024,6645582,120384,68,0,13542,6511656
1/16/2024,6646789,120390,1207,6,14678,6511721
1/17/2024,6647650,120402,861,12,13653,6513595
1/18/2024,6648412,120413,762,11,11360,6516639
1/19/2024,6649095,120421,683,8,9817,6518857
1/20/2024,6649737,120431,642,10,9293,6520013
1/21/2024,6649791,120431,54,0,9270,6520090
1/22/2024,6649845,120431,54,0,9234,6520180
1/23/2024,6650782,120439,937,8,8730,6521613
1/24/2024,6651550,120444,768,5,8583,6522523
1/25/2024,6652144,120449,594,5,8321,6523374
1/26/2024,6652663,120454,519,5,8006,6524203
1/27/2024,6653208,120458,545,4,7752,6524998
1/28/2024,6653246,120458,38,0,7732,6525056
1/29/2024,6653292,120458,46,0,7710,6525124
1/30/2024,6653920,120469,628,11,7120,6526331
1/31/2024,6654400,120479,480,10,6740,6527181
2/1/2024,6654829,120487,429,8,6409,6527933
2/2/2024,6655220,120498,391,11,6114,6528608
2/3/2024,6655636,120499,416,1,5898,6529239
2/4/2024,6655662,120499,26,0,5871,6529292
2/5/2024,6655684,120499,22,0,5839,6529346
2/6/2024,6656191,120511,507,12,5397,6530283
2/7/2024,6656606,120514,415,3,5053,6531039
2/8/2024,6656932,120517,326,3,4785,6531630
2/9/2024,6657180,120518,248,1,4516,6532146
2/10/2024,6657428,120523,248,5,4215,6532690
2/11/2024,6657447,120523,19,0,4201,6532723
2/12/2024,6657474,120523,27,0,4182,6532769
2/13/2024,6657864,120526,390,3,3941,6533397
2/14/2024,6658123,120534,259,8,3715,6533874
2/15/2024,6658367,120540,244,6,3532,6534295
2/16/2024,6658561,120544,194,4,3337,6534680
2/17/2024,6658748,120546,187,2,3110,6535092
2/18/2024,6658763,120546,15,0,3101,6535116
2/19/2024,6658773,120546,10,0,3089,6535138
2/20/2024,6659046,120547,273,1,2854,6535645
2/21/2024,6659255,120553,209,6,2643,6536059
2/22/2024,6659425,120554,170,1,2492,6536379
2/23/2024,6659609,120555,184,1,2428,6536626
2/24/2024,6659855,120558,246,3,2424,6536873
2/25/2024,6659866,120558,11,0,2419,6536889
2/26/2024,6659879,120558,13,0,2405,6536916
2/27/2024,6660077,120561,198,3,2210,6537306
2/28/2024,6660225,120566,148,5,2097,6537562
2/29/2024,6660339,120569,114,3,1969,6537801
3/1/2024,6660426,120569,87,0,1865,6537992
3/2/2024,6660535,120573,109,4,1783,6538179
3/3/2024,6660557,120573,22,0,1794,6538190
3/4/2024,6660562,120573,5,0,1789,6538200
3/5/2024,6660687,120578,125,5,1636,6538473
3/6/2024,6660777,120578,90,0,1522,6538677
3/7/2024,6660853,120581,76,3,1425,6538847
3/8/2024,6660939,120581,86,0,1330,6539028
3/9/2024,6661018,120581,72,0,1156,6539274
3/10/2024,6661011,120581,7,0,1152,6539285
